gene	variant	hgvs	gnomad_freq	status	routing_strategy	routing_confidence	routing_rationale	analyzers_run	summary	dn_score	lof_score	gof_score	dn_classification	lof_classification	gof_classification	final_score	final_classification	explanation
MYO7A	p.D218N	NM_000260.4(MYO7A):c.652G>A (p.Asp218Asn)	6e-05	SUCCESS		0.5	Insufficient evidence to classify MYO7A, running all analyzers for safety	DN, LOF, GOF	DN:0.35(VUS) LOF:0.32(VUS) GOF:0.62(VUS-P) FINAL:VUS-P [Confidence:0.50]	0.35	0.324	0.6185025	VUS	VUS	VUS-P			Highest score from GOF analyzer (biological routing)
MYO7A	p.R853H	NM_000260.4(MYO7A):c.2558G>A (p.Arg853His)	1e-05	SUCCESS		0.5	Insufficient evidence to classify MYO7A, running all analyzers for safety	DN, LOF, GOF	LOF:0.30(VUS) GOF:0.00(LB) FINAL:VUS [Confidence:0.50]	0.0	0.3	0.0	ERROR	VUS	LB			Highest score from LOF analyzer (biological routing)
MYO7A	p.R147C	NM_000260.4(MYO7A):c.439C>T (p.Arg147Cys)	1e-05	SUCCESS		0.5	Insufficient evidence to classify MYO7A, running all analyzers for safety	DN, LOF, GOF	DN:0.65(VUS-P) LOF:0.49(VUS) GOF:0.35(VUS) FINAL:VUS-P [Confidence:0.50]	0.65	0.48600000000000004	0.34608	VUS-P	VUS	VUS			Highest score from DN analyzer (biological routing)
MYO7A	p.Q18Ter	NM_000260.4(MYO7A):c.52C>T (p.Gln18Ter)	1e-05	SUCCESS		0.5	Insufficient evidence to classify MYO7A, running all analyzers for safety	DN, LOF, GOF	GOF:0.00(LB) FINAL:ERROR [Confidence:0.50]	0.0	0.0	0.0	ERROR	ERROR	LB			All analyzers failed
MYO7A	p.N458I	NM_000260.4(MYO7A):c.1373A>T (p.Asn458Ile)	0.0	SUCCESS		0.5	Insufficient evidence to classify MYO7A, running all analyzers for safety	DN, LOF, GOF	DN:0.25(LB) LOF:0.25(LB) GOF:0.00(LB) FINAL:LB [Confidence:0.50]	0.25	0.2545328330206379	0.0	LB	LB	LB			Highest score from LOF analyzer (biological routing)
MYO7A	p.G671S	NM_000260.4(MYO7A):c.2011G>A (p.Gly671Ser)	0.0	SUCCESS		0.5	Insufficient evidence to classify MYO7A, running all analyzers for safety	DN, LOF, GOF	LOF:0.54(VUS-P) GOF:0.00(LB) FINAL:VUS-P [Confidence:0.50]	0.0	0.5449999999999999	0.0	ERROR	VUS-P	LB			Highest score from LOF analyzer (biological routing)
MYO7A	p.R853C	NM_000260.4(MYO7A):c.2557C>T (p.Arg853Cys)	0.0	SUCCESS		0.5	Insufficient evidence to classify MYO7A, running all analyzers for safety	DN, LOF, GOF	LOF:0.54(VUS-P) GOF:0.00(LB) FINAL:VUS-P [Confidence:0.50]	0.0	0.54	0.0	ERROR	VUS-P	LB			Highest score from LOF analyzer (biological routing)
MYO7A	p.A230V	NM_000260.4(MYO7A):c.689C>T (p.Ala230Val)	0.0	SUCCESS		0.5	Insufficient evidence to classify MYO7A, running all analyzers for safety	DN, LOF, GOF	DN:0.15(LB) LOF:0.27(LB) GOF:0.00(LB) FINAL:LB [Confidence:0.50]	0.15333333333333335	0.27	0.0	LB	LB	LB			Highest score from LOF analyzer (biological routing)
MYO7A	p.R1240Q	NM_000260.4(MYO7A):c.3719G>A (p.Arg1240Gln)	5e-05	SUCCESS		0.5	Insufficient evidence to classify MYO7A, running all analyzers for safety	DN, LOF, GOF	LOF:0.30(VUS) GOF:0.00(LB) FINAL:VUS [Confidence:0.50]	0.0	0.3	0.0	ERROR	VUS	LB			Highest score from LOF analyzer (biological routing)
MYO7A	p.R1883Q	NM_000260.4(MYO7A):c.5648G>A (p.Arg1883Gln)	4e-05	SUCCESS		0.5	Insufficient evidence to classify MYO7A, running all analyzers for safety	DN, LOF, GOF	LOF:0.30(VUS) GOF:0.00(LB) FINAL:VUS [Confidence:0.50]	0.0	0.3	0.0	ERROR	VUS	LB			Highest score from LOF analyzer (biological routing)
MYO7A	p.Q234Ter	NM_000260.4(MYO7A):c.700C>T (p.Gln234Ter)	4e-05	SUCCESS		0.5	Insufficient evidence to classify MYO7A, running all analyzers for safety	DN, LOF, GOF	GOF:0.00(LB) FINAL:ERROR [Confidence:0.50]	0.0	0.0	0.0	ERROR	ERROR	LB			All analyzers failed
MYO7A	p.K420Ter	NM_000260.4(MYO7A):c.1258A>T (p.Lys420Ter)	2e-05	SUCCESS		0.5	Insufficient evidence to classify MYO7A, running all analyzers for safety	DN, LOF, GOF	GOF:0.00(LB) FINAL:ERROR [Confidence:0.50]	0.0	0.0	0.0	ERROR	ERROR	LB			All analyzers failed
MYO7A	p.Q1798Ter	NM_000260.4(MYO7A):c.5392C>T (p.Gln1798Ter)	2e-05	SUCCESS		0.5	Insufficient evidence to classify MYO7A, running all analyzers for safety	DN, LOF, GOF	GOF:0.00(LB) FINAL:ERROR [Confidence:0.50]	0.0	0.0	0.0	ERROR	ERROR	LB			All analyzers failed
MYO7A	p.P1887L	NM_000260.4(MYO7A):c.5660C>T (p.Pro1887Leu)	2e-05	SUCCESS		0.5	Insufficient evidence to classify MYO7A, running all analyzers for safety	DN, LOF, GOF	LOF:0.54(VUS-P) GOF:0.00(LB) FINAL:VUS-P [Confidence:0.50]	0.0	0.54	0.0	ERROR	VUS-P	LB			Highest score from LOF analyzer (biological routing)
MYO7A	p.G1942Ter	NM_000260.4(MYO7A):c.5824G>T (p.Gly1942Ter)	2e-05	SUCCESS		0.5	Insufficient evidence to classify MYO7A, running all analyzers for safety	DN, LOF, GOF	GOF:0.00(LB) FINAL:ERROR [Confidence:0.50]	0.0	0.0	0.0	ERROR	ERROR	LB			All analyzers failed
MYO7A	p.R1967Ter	NM_000260.4(MYO7A):c.5899C>T (p.Arg1967Ter)	2e-05	SUCCESS		0.5	Insufficient evidence to classify MYO7A, running all analyzers for safety	DN, LOF, GOF	GOF:0.00(LB) FINAL:ERROR [Confidence:0.50]	0.0	0.0	0.0	ERROR	ERROR	LB			All analyzers failed
MYO7A	p.R634Ter	NM_000260.4(MYO7A):c.1900C>T (p.Arg634Ter)	1e-05	SUCCESS		0.5	Insufficient evidence to classify MYO7A, running all analyzers for safety	DN, LOF, GOF	GOF:0.00(LB) FINAL:ERROR [Confidence:0.50]	0.0	0.0	0.0	ERROR	ERROR	LB			All analyzers failed
MYO7A	p.C705Ter	NM_000260.4(MYO7A):c.2115C>A (p.Cys705Ter)	1e-05	SUCCESS		0.5	Insufficient evidence to classify MYO7A, running all analyzers for safety	DN, LOF, GOF	GOF:0.00(LB) FINAL:ERROR [Confidence:0.50]	0.0	0.0	0.0	ERROR	ERROR	LB			All analyzers failed
MYO7A	p.R972Ter	NM_000260.4(MYO7A):c.2914C>T (p.Arg972Ter)	1e-05	SUCCESS		0.5	Insufficient evidence to classify MYO7A, running all analyzers for safety	DN, LOF, GOF	GOF:0.00(LB) FINAL:ERROR [Confidence:0.50]	0.0	0.0	0.0	ERROR	ERROR	LB			All analyzers failed
MYO7A	p.Q1088Ter	NM_000260.4(MYO7A):c.3262C>T (p.Gln1088Ter)	1e-05	SUCCESS		0.5	Insufficient evidence to classify MYO7A, running all analyzers for safety	DN, LOF, GOF	GOF:0.00(LB) FINAL:ERROR [Confidence:0.50]	0.0	0.0	0.0	ERROR	ERROR	LB			All analyzers failed
MYO7A	p.G1298R	NM_000260.4(MYO7A):c.3892G>A (p.Gly1298Arg)	1e-05	SUCCESS		0.5	Insufficient evidence to classify MYO7A, running all analyzers for safety	DN, LOF, GOF	LOF:0.60(VUS-P) GOF:0.00(LB) FINAL:VUS-P [Confidence:0.50]	0.0	0.605	0.0	ERROR	VUS-P	LB			Highest score from LOF analyzer (biological routing)
MYO7A	p.R1373Ter	NM_000260.4(MYO7A):c.4117C>T (p.Arg1373Ter)	1e-05	SUCCESS		0.5	Insufficient evidence to classify MYO7A, running all analyzers for safety	DN, LOF, GOF	GOF:0.00(LB) FINAL:ERROR [Confidence:0.50]	0.0	0.0	0.0	ERROR	ERROR	LB			All analyzers failed
MYO7A	p.Q1504Ter	NM_000260.4(MYO7A):c.4510C>T (p.Gln1504Ter)	1e-05	SUCCESS		0.5	Insufficient evidence to classify MYO7A, running all analyzers for safety	DN, LOF, GOF	GOF:0.00(LB) FINAL:ERROR [Confidence:0.50]	0.0	0.0	0.0	ERROR	ERROR	LB			All analyzers failed
MYO7A	p.G163R	NM_000260.4(MYO7A):c.487G>A (p.Gly163Arg)	1e-05	SUCCESS		0.5	Insufficient evidence to classify MYO7A, running all analyzers for safety	DN, LOF, GOF	DN:0.44(VUS) LOF:0.54(VUS-P) GOF:0.19(LB) FINAL:VUS-P [Confidence:0.50]	0.4411111111111111	0.5445	0.1908	VUS	VUS-P	LB			Highest score from LOF analyzer (biological routing)
MYO7A	p.R1701Ter	NM_000260.4(MYO7A):c.5101C>T (p.Arg1701Ter)	1e-05	SUCCESS		0.5	Insufficient evidence to classify MYO7A, running all analyzers for safety	DN, LOF, GOF	GOF:0.00(LB) FINAL:ERROR [Confidence:0.50]	0.0	0.0	0.0	ERROR	ERROR	LB			All analyzers failed
MYO7A	p.E1716Ter	NM_000260.4(MYO7A):c.5146G>T (p.Glu1716Ter)	1e-05	SUCCESS		0.5	Insufficient evidence to classify MYO7A, running all analyzers for safety	DN, LOF, GOF	GOF:0.00(LB) FINAL:ERROR [Confidence:0.50]	0.0	0.0	0.0	ERROR	ERROR	LB			All analyzers failed
MYO7A	p.Q18Ter	NM_000260.4(MYO7A):c.52C>T (p.Gln18Ter)	1e-05	SUCCESS		0.5	Insufficient evidence to classify MYO7A, running all analyzers for safety	DN, LOF, GOF	GOF:0.00(LB) FINAL:ERROR [Confidence:0.50]	0.0	0.0	0.0	ERROR	ERROR	LB			All analyzers failed
MYO7A	p.R1861Ter	NM_000260.4(MYO7A):c.5581C>T (p.Arg1861Ter)	1e-05	SUCCESS		0.5	Insufficient evidence to classify MYO7A, running all analyzers for safety	DN, LOF, GOF	GOF:0.00(LB) FINAL:ERROR [Confidence:0.50]	0.0	0.0	0.0	ERROR	ERROR	LB			All analyzers failed
MYO7A	p.R2024Ter	NM_000260.4(MYO7A):c.6070C>T (p.Arg2024Ter)	1e-05	SUCCESS		0.5	Insufficient evidence to classify MYO7A, running all analyzers for safety	DN, LOF, GOF	GOF:0.00(LB) FINAL:ERROR [Confidence:0.50]	0.0	0.0	0.0	ERROR	ERROR	LB			All analyzers failed
MYO7A	p.S659Ter	NM_000260.4(MYO7A):c.1976C>A (p.Ser659Ter)	0.0	SUCCESS		0.5	Insufficient evidence to classify MYO7A, running all analyzers for safety	DN, LOF, GOF	GOF:0.00(LB) FINAL:ERROR [Confidence:0.50]	0.0	0.0	0.0	ERROR	ERROR	LB			All analyzers failed
MYO7A	p.Y676Ter	NM_000260.4(MYO7A):c.2028C>G (p.Tyr676Ter)	0.0	SUCCESS		0.5	Insufficient evidence to classify MYO7A, running all analyzers for safety	DN, LOF, GOF	GOF:0.00(LB) FINAL:ERROR [Confidence:0.50]	0.0	0.0	0.0	ERROR	ERROR	LB			All analyzers failed
MYO7A	p.H133Y	NM_000260.4(MYO7A):c.397C>T (p.His133Tyr)	0.0	SUCCESS		0.5	Insufficient evidence to classify MYO7A, running all analyzers for safety	DN, LOF, GOF	DN:0.39(VUS) LOF:0.32(VUS) GOF:0.14(LB) FINAL:VUS [Confidence:0.50]	0.39222222222222225	0.324	0.1371375	VUS	VUS	LB			Highest score from DN analyzer (biological routing)
MYO7A	p.E1403Ter	NM_000260.4(MYO7A):c.4207G>T (p.Glu1403Ter)	0.0	SUCCESS		0.5	Insufficient evidence to classify MYO7A, running all analyzers for safety	DN, LOF, GOF	GOF:0.00(LB) FINAL:ERROR [Confidence:0.50]	0.0	0.0	0.0	ERROR	ERROR	LB			All analyzers failed
MYO7A	p.K1810Ter	NM_000260.4(MYO7A):c.5428A>T (p.Lys1810Ter)	0.0	SUCCESS		0.5	Insufficient evidence to classify MYO7A, running all analyzers for safety	DN, LOF, GOF	GOF:0.00(LB) FINAL:ERROR [Confidence:0.50]	0.0	0.0	0.0	ERROR	ERROR	LB			All analyzers failed
MYO7A	p.Q2066Ter	NM_000260.4(MYO7A):c.6196C>T (p.Gln2066Ter)	0.0	SUCCESS		0.5	Insufficient evidence to classify MYO7A, running all analyzers for safety	DN, LOF, GOF	GOF:0.00(LB) FINAL:ERROR [Confidence:0.50]	0.0	0.0	0.0	ERROR	ERROR	LB			All analyzers failed
MYO7A	p.R606H	NM_000260.4(MYO7A):c.1817G>A (p.Arg606His)	0.0	SUCCESS		0.5	Insufficient evidence to classify MYO7A, running all analyzers for safety	DN, LOF, GOF	LOF:0.30(VUS) GOF:0.00(LB) FINAL:VUS [Confidence:0.50]	0.0	0.3	0.0	ERROR	VUS	LB			Highest score from LOF analyzer (biological routing)
MYO7A	p.T62M	NM_000260.4(MYO7A):c.185C>T (p.Thr62Met)	0.0	SUCCESS		0.5	Insufficient evidence to classify MYO7A, running all analyzers for safety	DN, LOF, GOF	DN:0.16(LB) LOF:0.16(LB) GOF:1.00(LP) FINAL:LP [Confidence:0.50]	0.1577777777777778	0.162	1.0	LB	LB	LP			Highest score from GOF analyzer (biological routing)
MYO7A	p.D648N	NM_000260.4(MYO7A):c.1942G>A (p.Asp648Asn)	0.0	SUCCESS		0.5	Insufficient evidence to classify MYO7A, running all analyzers for safety	DN, LOF, GOF	LOF:0.36(VUS) GOF:0.00(LB) FINAL:VUS [Confidence:0.50]	0.0	0.36	0.0	ERROR	VUS	LB			Highest score from LOF analyzer (biological routing)
MYO7A	p.R668L	NM_000260.4(MYO7A):c.2003G>T (p.Arg668Leu)	0.0	SUCCESS		0.5	Insufficient evidence to classify MYO7A, running all analyzers for safety	DN, LOF, GOF	LOF:0.42(VUS) GOF:0.00(LB) FINAL:VUS [Confidence:0.50]	0.0	0.4249343339587242	0.0	ERROR	VUS	LB			Highest score from LOF analyzer (biological routing)
MYO7A	p.R707H	NM_000260.4(MYO7A):c.2120G>A (p.Arg707His)	0.0	SUCCESS		0.5	Insufficient evidence to classify MYO7A, running all analyzers for safety	DN, LOF, GOF	LOF:0.30(VUS) GOF:0.00(LB) FINAL:VUS [Confidence:0.50]	0.0	0.3	0.0	ERROR	VUS	LB			Highest score from LOF analyzer (biological routing)
MYO7A	p.G722V	NM_000260.4(MYO7A):c.2165G>T (p.Gly722Val)	0.0	SUCCESS		0.5	Insufficient evidence to classify MYO7A, running all analyzers for safety	DN, LOF, GOF	LOF:0.55(VUS-P) GOF:0.00(LB) FINAL:VUS-P [Confidence:0.50]	0.0	0.5479080675422139	0.0	ERROR	VUS-P	LB			Highest score from LOF analyzer (biological routing)
MYO7A	p.R804W	NM_000260.4(MYO7A):c.2410C>T (p.Arg804Trp)	0.0	SUCCESS		0.5	Insufficient evidence to classify MYO7A, running all analyzers for safety	DN, LOF, GOF	LOF:0.42(VUS) GOF:0.00(LB) FINAL:VUS [Confidence:0.50]	0.0	0.4198311444652908	0.0	ERROR	VUS	LB			Highest score from LOF analyzer (biological routing)
MYO7A	p.R858H	NM_000260.4(MYO7A):c.2573G>A (p.Arg858His)	0.0	SUCCESS		0.5	Insufficient evidence to classify MYO7A, running all analyzers for safety	DN, LOF, GOF	LOF:0.30(VUS) GOF:0.00(LB) FINAL:VUS [Confidence:0.50]	0.0	0.3	0.0	ERROR	VUS	LB			Highest score from LOF analyzer (biological routing)
MYO7A	p.R873W	NM_000260.4(MYO7A):c.2617C>T (p.Arg873Trp)	0.0	SUCCESS		0.5	Insufficient evidence to classify MYO7A, running all analyzers for safety	DN, LOF, GOF	LOF:0.42(VUS) GOF:0.00(LB) FINAL:VUS [Confidence:0.50]	0.0	0.4172420262664165	0.0	ERROR	VUS	LB			Highest score from LOF analyzer (biological routing)
MYO7A	p.A889V	NM_000260.4(MYO7A):c.2666C>T (p.Ala889Val)	0.0	SUCCESS		0.5	Insufficient evidence to classify MYO7A, running all analyzers for safety	DN, LOF, GOF	LOF:0.27(LB) GOF:0.00(LB) FINAL:LB [Confidence:0.50]	0.0	0.27	0.0	ERROR	LB	LB			Highest score from LOF analyzer (biological routing)
MYO7A	p.R900L	NM_000260.4(MYO7A):c.2699G>T (p.Arg900Leu)	0.0	SUCCESS		0.5	Insufficient evidence to classify MYO7A, running all analyzers for safety	DN, LOF, GOF	LOF:0.42(VUS) GOF:0.00(LB) FINAL:VUS [Confidence:0.50]	0.0	0.41622889305816135	0.0	ERROR	VUS	LB			Highest score from LOF analyzer (biological routing)
MYO7A	p.R920G	NM_000260.4(MYO7A):c.2758C>G (p.Arg920Gly)	0.0	SUCCESS		0.5	Insufficient evidence to classify MYO7A, running all analyzers for safety	DN, LOF, GOF	LOF:0.46(VUS) GOF:0.00(LB) FINAL:VUS [Confidence:0.50]	0.0	0.46499999999999997	0.0	ERROR	VUS	LB			Highest score from LOF analyzer (biological routing)
MYO7A	p.M929I	NM_000260.4(MYO7A):c.2787G>A (p.Met929Ile)	0.0	SUCCESS		0.5	Insufficient evidence to classify MYO7A, running all analyzers for safety	DN, LOF, GOF	LOF:0.27(LB) GOF:0.00(LB) FINAL:LB [Confidence:0.50]	0.0	0.27	0.0	ERROR	LB	LB			Highest score from LOF analyzer (biological routing)
MYO7A	p.D1030E	NM_000260.4(MYO7A):c.3090C>A (p.Asp1030Glu)	0.0	SUCCESS		0.5	Insufficient evidence to classify MYO7A, running all analyzers for safety	DN, LOF, GOF	LOF:0.36(VUS) GOF:0.00(LB) FINAL:VUS [Confidence:0.50]	0.0	0.36	0.0	ERROR	VUS	LB			Highest score from LOF analyzer (biological routing)
MYO7A	p.E1076K	NM_000260.4(MYO7A):c.3226G>A (p.Glu1076Lys)	0.0	SUCCESS		0.5	Insufficient evidence to classify MYO7A, running all analyzers for safety	DN, LOF, GOF	LOF:0.36(VUS) GOF:0.00(LB) FINAL:VUS [Confidence:0.50]	0.0	0.36	0.0	ERROR	VUS	LB			Highest score from LOF analyzer (biological routing)
MYO7A	p.S1105R	NM_000260.4(MYO7A):c.3315C>A (p.Ser1105Arg)	0.0	SUCCESS		0.5	Insufficient evidence to classify MYO7A, running all analyzers for safety	DN, LOF, GOF	LOF:0.24(LB) GOF:0.00(LB) FINAL:LB [Confidence:0.50]	0.0	0.24	0.0	ERROR	LB	LB			Highest score from LOF analyzer (biological routing)
MYO7A	p.S1184C	NM_000260.4(MYO7A):c.3551C>G (p.Ser1184Cys)	0.0	SUCCESS		0.5	Insufficient evidence to classify MYO7A, running all analyzers for safety	DN, LOF, GOF	LOF:0.26(LB) GOF:0.00(LB) FINAL:LB [Confidence:0.50]	0.0	0.255	0.0	ERROR	LB	LB			Highest score from LOF analyzer (biological routing)
MYO7A	p.S1187I	NM_000260.4(MYO7A):c.3560G>T (p.Ser1187Ile)	0.0	SUCCESS		0.5	Insufficient evidence to classify MYO7A, running all analyzers for safety	DN, LOF, GOF	LOF:0.17(LB) GOF:0.00(LB) FINAL:LB [Confidence:0.50]	0.0	0.16545966228893058	0.0	ERROR	LB	LB			Highest score from LOF analyzer (biological routing)
MYO7A	p.A1288S	NM_000260.4(MYO7A):c.3862G>T (p.Ala1288Ser)	0.0	SUCCESS		0.5	Insufficient evidence to classify MYO7A, running all analyzers for safety	DN, LOF, GOF	LOF:0.27(LB) GOF:0.00(LB) FINAL:LB [Confidence:0.50]	0.0	0.27	0.0	ERROR	LB	LB			Highest score from LOF analyzer (biological routing)
MYO7A	p.P132S	NM_000260.4(MYO7A):c.394C>T (p.Pro132Ser)	0.0	SUCCESS		0.5	Insufficient evidence to classify MYO7A, running all analyzers for safety	DN, LOF, GOF	DN:0.25(LB) LOF:0.53(VUS-P) GOF:0.00(LB) FINAL:VUS-P [Confidence:0.50]	0.25	0.526373358348968	0.0	LB	VUS-P	LB			Highest score from LOF analyzer (biological routing)
MYO7A	p.R1373Q	NM_000260.4(MYO7A):c.4118G>A (p.Arg1373Gln)	0.0	SUCCESS		0.5	Insufficient evidence to classify MYO7A, running all analyzers for safety	DN, LOF, GOF	LOF:0.30(VUS) GOF:0.00(LB) FINAL:VUS [Confidence:0.50]	0.0	0.3	0.0	ERROR	VUS	LB			Highest score from LOF analyzer (biological routing)
MYO7A	p.K1478Q	NM_000260.4(MYO7A):c.4432A>C (p.Lys1478Gln)	0.0	SUCCESS		0.5	Insufficient evidence to classify MYO7A, running all analyzers for safety	DN, LOF, GOF	LOF:0.36(VUS) GOF:0.00(LB) FINAL:VUS [Confidence:0.50]	0.0	0.36	0.0	ERROR	VUS	LB			Highest score from LOF analyzer (biological routing)
MYO7A	p.L1484I	NM_000260.4(MYO7A):c.4450C>A (p.Leu1484Ile)	0.0	SUCCESS		0.5	Insufficient evidence to classify MYO7A, running all analyzers for safety	DN, LOF, GOF	LOF:0.27(LB) GOF:0.00(LB) FINAL:LB [Confidence:0.50]	0.0	0.27	0.0	ERROR	LB	LB			Highest score from LOF analyzer (biological routing)
MYO7A	p.G1544S	NM_000260.4(MYO7A):c.4630G>A (p.Gly1544Ser)	0.0	SUCCESS		0.5	Insufficient evidence to classify MYO7A, running all analyzers for safety	DN, LOF, GOF	LOF:0.54(VUS-P) GOF:0.00(LB) FINAL:VUS-P [Confidence:0.50]	0.0	0.5449999999999999	0.0	ERROR	VUS-P	LB			Highest score from LOF analyzer (biological routing)
MYO7A	p.P1711A	NM_000260.4(MYO7A):c.5131C>G (p.Pro1711Ala)	0.0	SUCCESS		0.5	Insufficient evidence to classify MYO7A, running all analyzers for safety	DN, LOF, GOF	LOF:0.45(VUS) GOF:0.00(LB) FINAL:VUS [Confidence:0.50]	0.0	0.44579737335834896	0.0	ERROR	VUS	LB			Highest score from LOF analyzer (biological routing)
MYO7A	p.K1741E	NM_000260.4(MYO7A):c.5221A>G (p.Lys1741Glu)	0.0	SUCCESS		0.5	Insufficient evidence to classify MYO7A, running all analyzers for safety	DN, LOF, GOF	LOF:0.36(VUS) GOF:0.00(LB) FINAL:VUS [Confidence:0.50]	0.0	0.36	0.0	ERROR	VUS	LB			Highest score from LOF analyzer (biological routing)
MYO7A	p.L1837P	NM_000260.4(MYO7A):c.5510T>C (p.Leu1837Pro)	0.0	SUCCESS		0.5	Insufficient evidence to classify MYO7A, running all analyzers for safety	DN, LOF, GOF	LOF:0.33(VUS) GOF:0.00(LB) FINAL:VUS [Confidence:0.50]	0.0	0.33	0.0	ERROR	VUS	LB			Highest score from LOF analyzer (biological routing)
MYO7A	p.E191Q	NM_000260.4(MYO7A):c.571G>C (p.Glu191Gln)	0.0	SUCCESS		0.5	Insufficient evidence to classify MYO7A, running all analyzers for safety	DN, LOF, GOF	DN:0.35(VUS) LOF:0.32(VUS) GOF:0.00(LB) FINAL:VUS [Confidence:0.50]	0.35	0.324	0.0	VUS	VUS	LB			Highest score from DN analyzer (biological routing)
MYO7A	p.V1984M	NM_000260.4(MYO7A):c.5950G>A (p.Val1984Met)	0.0	SUCCESS		0.5	Insufficient evidence to classify MYO7A, running all analyzers for safety	DN, LOF, GOF	LOF:0.27(LB) GOF:0.00(LB) FINAL:LB [Confidence:0.50]	0.0	0.27	0.0	ERROR	LB	LB			Highest score from LOF analyzer (biological routing)
MYO7A	p.T1988I	NM_000260.4(MYO7A):c.5963C>T (p.Thr1988Ile)	0.0	SUCCESS		0.5	Insufficient evidence to classify MYO7A, running all analyzers for safety	DN, LOF, GOF	LOF:0.18(LB) GOF:0.00(LB) FINAL:LB [Confidence:0.50]	0.0	0.18	0.0	ERROR	LB	LB			Highest score from LOF analyzer (biological routing)
MYO7A	p.M1994I	NM_000260.4(MYO7A):c.5982G>A (p.Met1994Ile)	0.0	SUCCESS		0.5	Insufficient evidence to classify MYO7A, running all analyzers for safety	DN, LOF, GOF	LOF:0.27(LB) GOF:0.00(LB) FINAL:LB [Confidence:0.50]	0.0	0.27	0.0	ERROR	LB	LB			Highest score from LOF analyzer (biological routing)
MYO7A	p.R206G	NM_000260.4(MYO7A):c.616C>G (p.Arg206Gly)	0.0	SUCCESS		0.5	Insufficient evidence to classify MYO7A, running all analyzers for safety	DN, LOF, GOF	DN:0.44(VUS) LOF:0.42(VUS) GOF:0.00(LB) FINAL:VUS [Confidence:0.50]	0.4411111111111111	0.4185	0.0	VUS	VUS	LB			Highest score from DN analyzer (biological routing)
MYO7A	p.T2170I	NM_000260.4(MYO7A):c.6509C>T (p.Thr2170Ile)	0.0	SUCCESS		0.5	Insufficient evidence to classify MYO7A, running all analyzers for safety	DN, LOF, GOF	LOF:0.18(LB) GOF:0.00(LB) FINAL:LB [Confidence:0.50]	0.0	0.18	0.0	ERROR	LB	LB			Highest score from LOF analyzer (biological routing)
MYO7A	p.I2171T	NM_000260.4(MYO7A):c.6512T>C (p.Ile2171Thr)	0.0	SUCCESS		0.5	Insufficient evidence to classify MYO7A, running all analyzers for safety	DN, LOF, GOF	LOF:0.27(LB) GOF:0.00(LB) FINAL:LB [Confidence:0.50]	0.0	0.27	0.0	ERROR	LB	LB			Highest score from LOF analyzer (biological routing)
MYO7A	p.A826T	NM_000260.4(MYO7A):c.2476G>A (p.Ala826Thr)	0.00042	SUCCESS		0.5	Insufficient evidence to classify MYO7A, running all analyzers for safety	DN, LOF, GOF	LOF:0.27(LB) GOF:0.00(LB) FINAL:LB [Confidence:0.50]	0.0	0.27	0.0	ERROR	LB	LB			Highest score from LOF analyzer (biological routing)
MYO7A	p.A226T	NM_000260.4(MYO7A):c.676G>A (p.Ala226Thr)	0.00048	SUCCESS		0.5	Insufficient evidence to classify MYO7A, running all analyzers for safety	DN, LOF, GOF	DN:0.25(LB) LOF:0.24(LB) GOF:0.00(LB) FINAL:LB [Confidence:0.50]	0.25	0.24300000000000002	0.0	LB	LB	LB			Highest score from DN analyzer (biological routing)
MYO7A	p.R1602Q	NM_000260.4(MYO7A):c.4805G>A (p.Arg1602Gln)	0.00121	SUCCESS		0.5	Insufficient evidence to classify MYO7A, running all analyzers for safety	DN, LOF, GOF	LOF:0.30(VUS) GOF:0.00(LB) FINAL:VUS [Confidence:0.50]	0.0	0.3	0.0	ERROR	VUS	LB			Highest score from LOF analyzer (biological routing)
MYO7A	p.V2072I	NM_000260.4(MYO7A):c.6214G>A (p.Val2072Ile)	0.00181	SUCCESS		0.5	Insufficient evidence to classify MYO7A, running all analyzers for safety	DN, LOF, GOF	LOF:0.21(LB) GOF:0.00(LB) FINAL:LB [Confidence:0.50]	0.0	0.21	0.0	ERROR	LB	LB			Highest score from LOF analyzer (biological routing)
MYO7A	p.H1029R	NM_000260.4(MYO7A):c.3086A>G (p.His1029Arg)	0.00206	SUCCESS		0.5	Insufficient evidence to classify MYO7A, running all analyzers for safety	DN, LOF, GOF	LOF:0.30(VUS) GOF:0.00(LB) FINAL:VUS [Confidence:0.50]	0.0	0.3	0.0	ERROR	VUS	LB			Highest score from LOF analyzer (biological routing)
MYO7A	p.V1956I	NM_000260.4(MYO7A):c.5866G>A (p.Val1956Ile)	0.00386	SUCCESS		0.5	Insufficient evidence to classify MYO7A, running all analyzers for safety	DN, LOF, GOF	LOF:0.21(LB) GOF:0.00(LB) FINAL:LB [Confidence:0.50]	0.0	0.21	0.0	ERROR	LB	LB			Highest score from LOF analyzer (biological routing)
MYO7A	p.D746N	NM_000260.4(MYO7A):c.2236G>A (p.Asp746Asn)	0.00608	SUCCESS		0.5	Insufficient evidence to classify MYO7A, running all analyzers for safety	DN, LOF, GOF	LOF:0.36(VUS) GOF:0.00(LB) FINAL:VUS [Confidence:0.50]	0.0	0.36	0.0	ERROR	VUS	LB			Highest score from LOF analyzer (biological routing)
