gene	variant	hgvs	gnomad_freq	status	cascade_triggered	analyzers_run	summary	dn_score	lof_score	gof_score	dn_classification	lof_classification	gof_classification	final_score	final_classification	explanation
RYR1	p.R2241Ter	NM_000540.3(RYR1):c.6721C>T (p.Arg2241Ter)		FAILED												
RYR1	p.V4842M	NM_000540.3(RYR1):c.14524G>A (p.Val4842Met)	0.00011	SUCCESS	True	DN, LOF, GOF	DN:0.25(LB) LOF:0.30(LB) GOF:0.00(LB) FINAL:LB	0.25	0.29700000000000004	0.0	LB	LB	LB			Highest score from LOF analyzer
RYR1	p.R614C	NM_000540.3(RYR1):c.1840C>T (p.Arg614Cys)	0.00011	SUCCESS	False	DN	DN:0.65(VUS-P) FINAL:VUS-P	0.65	0.0	0.0	VUS-P	NOT_RUN	NOT_RUN			Highest score from DN analyzer
RYR1	p.R1469W	NM_000540.3(RYR1):c.4405C>T (p.Arg1469Trp)	0.0001	SUCCESS	False	DN	DN:0.45(VUS) FINAL:VUS	0.44999999999999996	0.0	0.0	VUS	NOT_RUN	NOT_RUN			Highest score from DN analyzer
RYR1	p.R3550W	NM_000540.3(RYR1):c.10648C>T (p.Arg3550Trp)	8e-05	SUCCESS	False	DN	DN:0.45(VUS) FINAL:VUS	0.44999999999999996	0.0	0.0	VUS	NOT_RUN	NOT_RUN			Highest score from DN analyzer
RYR1	p.V2214I	NM_000540.3(RYR1):c.6640G>A (p.Val2214Ile)	6e-05	SUCCESS	True	DN, LOF, GOF	DN:0.25(LB) LOF:0.29(LB) GOF:0.00(LB) FINAL:LB	0.25	0.294	0.0	LB	LB	LB			Highest score from LOF analyzer
RYR1	p.C3193W	NM_000540.3(RYR1):c.9579C>G (p.Cys3193Trp)	6e-05	SUCCESS	False	DN	DN:0.50(VUS-P) FINAL:VUS-P	0.5	0.0	0.0	VUS-P	NOT_RUN	NOT_RUN			Highest score from DN analyzer
RYR1	p.C3402G	NM_000540.3(RYR1):c.10204T>G (p.Cys3402Gly)	5e-05	SUCCESS	False	DN	DN:0.50(VUS-P) FINAL:VUS-P	0.5	0.0	0.0	VUS-P	NOT_RUN	NOT_RUN			Highest score from DN analyzer
RYR1	p.G4782R	NM_000540.3(RYR1):c.14344G>A (p.Gly4782Arg)	5e-05	SUCCESS	False	DN	DN:0.44(VUS) FINAL:VUS	0.4411111111111111	0.0	0.0	VUS	NOT_RUN	NOT_RUN			Highest score from DN analyzer
RYR1	p.R109W	NM_000540.3(RYR1):c.325C>T (p.Arg109Trp)	5e-05	SUCCESS	False	DN	DN:0.45(VUS) FINAL:VUS	0.44999999999999996	0.0	0.0	VUS	NOT_RUN	NOT_RUN			Highest score from DN analyzer
RYR1	p.G2434R	NM_000540.3(RYR1):c.7300G>A (p.Gly2434Arg)	5e-05	SUCCESS	False	DN	DN:0.44(VUS) FINAL:VUS	0.4411111111111111	0.0	0.0	VUS	NOT_RUN	NOT_RUN			Highest score from DN analyzer
RYR1	p.Y3921Ter	NM_000540.3(RYR1):c.11763C>A (p.Tyr3921Ter)		FAILED												
RYR1	p.L417P	NM_000540.3(RYR1):c.1250T>C (p.Leu417Pro)	4e-05	SUCCESS	False	DN	DN:0.50(VUS-P) FINAL:VUS-P	0.5	0.0	0.0	VUS-P	NOT_RUN	NOT_RUN			Highest score from DN analyzer
RYR1	p.T4709M	NM_000540.3(RYR1):c.14126C>T (p.Thr4709Met)	4e-05	SUCCESS	True	DN, LOF, GOF	DN:0.25(LB) LOF:0.18(LB) GOF:0.25(LB) FINAL:LB	0.25	0.18	0.252525	LB	LB	LB			Highest score from GOF analyzer
RYR1	p.T2206M	NM_000540.3(RYR1):c.6617C>T (p.Thr2206Met)	4e-05	SUCCESS	True	DN, LOF, GOF	DN:0.16(LB) LOF:0.25(LB) GOF:1.00(LP) FINAL:LP	0.1577777777777778	0.252	1.0	LB	LB	LP			Highest score from GOF analyzer
RYR1	p.R4564Q	NM_000540.3(RYR1):c.13691G>A (p.Arg4564Gln)	3e-05	SUCCESS	False	DN	DN:0.37(VUS) FINAL:VUS	0.37222222222222223	0.0	0.0	VUS	NOT_RUN	NOT_RUN			Highest score from DN analyzer
RYR1	p.F4976L	NM_000540.3(RYR1):c.14928C>G (p.Phe4976Leu)	3e-05	SUCCESS	False	DN	DN:0.30(VUS) FINAL:VUS	0.3	0.0	0.0	VUS	NOT_RUN	NOT_RUN			Highest score from DN analyzer
RYR1	p.R530H	NM_000540.3(RYR1):c.1589G>A (p.Arg530His)	3e-05	SUCCESS	False	DN	DN:0.30(VUS) FINAL:VUS	0.3	0.0	0.0	VUS	NOT_RUN	NOT_RUN			Highest score from DN analyzer
RYR1	p.A1577T	NM_000540.3(RYR1):c.4729G>A (p.Ala1577Thr)	3e-05	SUCCESS	True	DN, LOF, GOF	DN:0.16(LB) LOF:0.27(LB) GOF:0.00(LB) FINAL:LB	0.15555555555555556	0.27	0.0	LB	LB	LB			Highest score from LOF analyzer
RYR1	p.R1707H	NM_000540.3(RYR1):c.5120G>A (p.Arg1707His)	3e-05	SUCCESS	False	DN	DN:0.30(VUS) FINAL:VUS	0.3	0.0	0.0	VUS	NOT_RUN	NOT_RUN			Highest score from DN analyzer
RYR1	p.G2365R	NM_000540.3(RYR1):c.7093G>A (p.Gly2365Arg)	3e-05	SUCCESS	False	DN	DN:0.44(VUS) FINAL:VUS	0.4411111111111111	0.0	0.0	VUS	NOT_RUN	NOT_RUN			Highest score from DN analyzer
RYR1	p.E2404K	NM_000540.3(RYR1):c.7210G>A (p.Glu2404Lys)	3e-05	SUCCESS	False	DN	DN:0.61(VUS-P) FINAL:VUS-P	0.6088888888888889	0.0	0.0	VUS-P	NOT_RUN	NOT_RUN			Highest score from DN analyzer
RYR1	p.A3298T	NM_000540.3(RYR1):c.9892G>A (p.Ala3298Thr)	3e-05	SUCCESS	True	DN, LOF, GOF	DN:0.25(LB) LOF:0.27(LB) GOF:0.00(LB) FINAL:LB	0.25	0.27	0.0	LB	LB	LB			Highest score from LOF analyzer
RYR1	p.R3772W	NM_000540.3(RYR1):c.11314C>T (p.Arg3772Trp)	2e-05	SUCCESS	False	DN	DN:0.45(VUS) FINAL:VUS	0.44999999999999996	0.0	0.0	VUS	NOT_RUN	NOT_RUN			Highest score from DN analyzer
RYR1	p.R401C	NM_000540.3(RYR1):c.1201C>T (p.Arg401Cys)	2e-05	SUCCESS	False	DN	DN:0.65(VUS-P) FINAL:VUS-P	0.65	0.0	0.0	VUS-P	NOT_RUN	NOT_RUN			Highest score from DN analyzer
RYR1	p.R4825H	NM_000540.3(RYR1):c.14474G>A (p.Arg4825His)	2e-05	SUCCESS	False	DN	DN:0.30(VUS) FINAL:VUS	0.3	0.0	0.0	VUS	NOT_RUN	NOT_RUN			Highest score from DN analyzer
RYR1	p.P4973L	NM_000540.3(RYR1):c.14918C>T (p.Pro4973Leu)	2e-05	SUCCESS	True	DN, LOF, GOF	DN:0.20(LB) LOF:0.54(VUS-P) GOF:0.00(LB) FINAL:VUS-P	0.2	0.54	0.0	LB	VUS-P	LB			Highest score from LOF analyzer
RYR1	p.E1175K	NM_000540.3(RYR1):c.3523G>A (p.Glu1175Lys)	2e-05	SUCCESS	False	DN	DN:0.61(VUS-P) FINAL:VUS-P	0.6088888888888889	0.0	0.0	VUS-P	NOT_RUN	NOT_RUN			Highest score from DN analyzer
RYR1	p.A2200V	NM_000540.3(RYR1):c.6599C>T (p.Ala2200Val)	2e-05	SUCCESS	True	DN, LOF, GOF	DN:0.15(LB) LOF:0.38(VUS) GOF:0.00(LB) FINAL:VUS	0.15333333333333335	0.378	0.0	LB	VUS	LB			Highest score from LOF analyzer
RYR1	p.V2280I	NM_000540.3(RYR1):c.6838G>A (p.Val2280Ile)	2e-05	SUCCESS	True	DN, LOF, GOF	DN:0.25(LB) LOF:0.21(LB) GOF:0.00(LB) FINAL:LB	0.25	0.21	0.0	LB	LB	LB			Highest score from DN analyzer
RYR1	p.C35R	NM_000540.3(RYR1):c.103T>C (p.Cys35Arg)	1e-05	SUCCESS	False	DN	DN:0.65(VUS-P) FINAL:VUS-P	0.65	0.0	0.0	VUS-P	NOT_RUN	NOT_RUN			Highest score from DN analyzer
RYR1	p.Q3485Ter	NM_000540.3(RYR1):c.10453C>T (p.Gln3485Ter)		FAILED												
RYR1	p.Y3540Ter	NM_000540.3(RYR1):c.10619dup (p.Tyr3540Ter)		FAILED												
RYR1	p.R3629W	NM_000540.3(RYR1):c.10885C>T (p.Arg3629Trp)	1e-05	SUCCESS	False	DN	DN:0.45(VUS) FINAL:VUS	0.44999999999999996	0.0	0.0	VUS	NOT_RUN	NOT_RUN			Highest score from DN analyzer
RYR1	p.R3772Q	NM_000540.3(RYR1):c.11315G>A (p.Arg3772Gln)	1e-05	SUCCESS	False	DN	DN:0.37(VUS) FINAL:VUS	0.37222222222222223	0.0	0.0	VUS	NOT_RUN	NOT_RUN			Highest score from DN analyzer
RYR1	p.R3903Q	NM_000540.3(RYR1):c.11708G>A (p.Arg3903Gln)	1e-05	SUCCESS	False	DN	DN:0.37(VUS) FINAL:VUS	0.37222222222222223	0.0	0.0	VUS	NOT_RUN	NOT_RUN			Highest score from DN analyzer
RYR1	p.F41S	NM_000540.3(RYR1):c.122T>C (p.Phe41Ser)	1e-05	SUCCESS	False	DN	DN:0.35(VUS) FINAL:VUS	0.34705882352941175	0.0	0.0	VUS	NOT_RUN	NOT_RUN			Highest score from DN analyzer
RYR1	p.S427L	NM_000540.3(RYR1):c.1280C>T (p.Ser427Leu)	1e-05	SUCCESS	True	DN, LOF, GOF	DN:0.20(LB) LOF:0.20(LB) GOF:0.71(VUS-P) FINAL:VUS-P	0.2	0.1961	0.70731	LB	LB	VUS-P			Highest score from GOF analyzer
RYR1	p.R44H	NM_000540.3(RYR1):c.131G>A (p.Arg44His)	1e-05	SUCCESS	False	DN	DN:0.30(VUS) FINAL:VUS	0.3	0.0	0.0	VUS	NOT_RUN	NOT_RUN			Highest score from DN analyzer
RYR1	p.R4558W	NM_000540.3(RYR1):c.13672C>T (p.Arg4558Trp)	1e-05	SUCCESS	False	DN	DN:0.45(VUS) FINAL:VUS	0.44999999999999996	0.0	0.0	VUS	NOT_RUN	NOT_RUN			Highest score from DN analyzer
RYR1	p.R4558Q	NM_000540.3(RYR1):c.13673G>A (p.Arg4558Gln)	1e-05	SUCCESS	False	DN	DN:0.37(VUS) FINAL:VUS	0.37222222222222223	0.0	0.0	VUS	NOT_RUN	NOT_RUN			Highest score from DN analyzer
RYR1	p.R4704Ter	NM_000540.3(RYR1):c.14110C>T (p.Arg4704Ter)		FAILED												
RYR1	p.K4724Q	NM_000540.3(RYR1):c.14170A>C (p.Lys4724Gln)	1e-05	SUCCESS	False	DN	DN:0.36(VUS) FINAL:VUS	0.3588888888888889	0.0	0.0	VUS	NOT_RUN	NOT_RUN			Highest score from DN analyzer
RYR1	p.R4737W	NM_000540.3(RYR1):c.14209C>T (p.Arg4737Trp)	1e-05	SUCCESS	False	DN	DN:0.45(VUS) FINAL:VUS	0.44999999999999996	0.0	0.0	VUS	NOT_RUN	NOT_RUN			Highest score from DN analyzer
RYR1	p.R4737Q	NM_000540.3(RYR1):c.14210G>A (p.Arg4737Gln)	1e-05	SUCCESS	False	DN	DN:0.37(VUS) FINAL:VUS	0.37222222222222223	0.0	0.0	VUS	NOT_RUN	NOT_RUN			Highest score from DN analyzer
RYR1	p.V4849I	NM_000540.3(RYR1):c.14545G>A (p.Val4849Ile)	1e-05	SUCCESS	True	DN, LOF, GOF	DN:0.25(LB) LOF:0.21(LB) GOF:0.00(LB) FINAL:LB	0.25	0.21	0.0	LB	LB	LB			Highest score from DN analyzer
RYR1	p.S4867N	NM_000540.3(RYR1):c.14600G>A (p.Ser4867Asn)	1e-05	SUCCESS	True	DN, LOF, GOF	DN:0.25(LB) LOF:0.18(LB) GOF:0.84(LP) FINAL:LP	0.25	0.18	0.8449874999999998	LB	LB	LP			Highest score from GOF analyzer
RYR1	p.T4882M	NM_000540.3(RYR1):c.14645C>T (p.Thr4882Met)	1e-05	SUCCESS	True	DN, LOF, GOF	DN:0.16(LB) LOF:0.18(LB) GOF:0.25(LB) FINAL:LB	0.1577777777777778	0.18	0.252525	LB	LB	LB			Highest score from GOF analyzer
RYR1	p.A4940T	NM_000540.3(RYR1):c.14818G>A (p.Ala4940Thr)	1e-05	SUCCESS	True	DN, LOF, GOF	DN:0.25(LB) LOF:0.27(LB) GOF:0.00(LB) FINAL:LB	0.25	0.27	0.0	LB	LB	LB			Highest score from LOF analyzer
RYR1	p.R4945Ter	NM_000540.3(RYR1):c.14833C>T (p.Arg4945Ter)		FAILED												
RYR1	p.T4980M	NM_000540.3(RYR1):c.14939C>T (p.Thr4980Met)	1e-05	SUCCESS	True	DN, LOF, GOF	DN:0.16(LB) LOF:0.18(LB) GOF:0.56(VUS-P) FINAL:VUS-P	0.1577777777777778	0.18	0.563325	LB	LB	VUS-P			Highest score from GOF analyzer
RYR1	p.R533C	NM_000540.3(RYR1):c.1597C>T (p.Arg533Cys)	1e-05	SUCCESS	False	DN	DN:0.65(VUS-P) FINAL:VUS-P	0.65	0.0	0.0	VUS-P	NOT_RUN	NOT_RUN			Highest score from DN analyzer
RYR1	p.Q55Ter	NM_000540.3(RYR1):c.163C>T (p.Gln55Ter)		FAILED												
RYR1	p.R552Q	NM_000540.3(RYR1):c.1655G>A (p.Arg552Gln)	1e-05	SUCCESS	False	DN	DN:0.37(VUS) FINAL:VUS	0.37222222222222223	0.0	0.0	VUS	NOT_RUN	NOT_RUN			Highest score from DN analyzer
RYR1	p.D60N	NM_000540.3(RYR1):c.178G>A (p.Asp60Asn)	1e-05	SUCCESS	False	DN	DN:0.35(VUS) FINAL:VUS	0.35	0.0	0.0	VUS	NOT_RUN	NOT_RUN			Highest score from DN analyzer
RYR1	p.R651Ter	NM_000540.3(RYR1):c.1951C>T (p.Arg651Ter)		FAILED												
RYR1	p.W661Ter	NM_000540.3(RYR1):c.1983G>A (p.Trp661Ter)		FAILED												
RYR1	p.G705R	NM_000540.3(RYR1):c.2113G>A (p.Gly705Arg)	1e-05	SUCCESS	False	DN	DN:0.60(VUS-P) FINAL:VUS-P	0.6	0.0	0.0	VUS-P	NOT_RUN	NOT_RUN			Highest score from DN analyzer
RYR1	p.Q734Ter	NM_000540.3(RYR1):c.2200C>T (p.Gln734Ter)		FAILED												
RYR1	p.R75Ter	NM_000540.3(RYR1):c.223C>T (p.Arg75Ter)		FAILED												
RYR1	p.G765R	NM_000540.3(RYR1):c.2293G>C (p.Gly765Arg)	1e-05	SUCCESS	False	DN	DN:0.44(VUS) FINAL:VUS	0.4411111111111111	0.0	0.0	VUS	NOT_RUN	NOT_RUN			Highest score from DN analyzer
RYR1	p.R817Ter	NM_000540.3(RYR1):c.2449C>T (p.Arg817Ter)		FAILED												
RYR1	p.R1075W	NM_000540.3(RYR1):c.3223C>T (p.Arg1075Trp)	1e-05	SUCCESS	False	DN	DN:0.45(VUS) FINAL:VUS	0.44999999999999996	0.0	0.0	VUS	NOT_RUN	NOT_RUN			Highest score from DN analyzer
RYR1	p.R1075Q	NM_000540.3(RYR1):c.3224G>A (p.Arg1075Gln)	1e-05	SUCCESS	False	DN	DN:0.37(VUS) FINAL:VUS	0.37222222222222223	0.0	0.0	VUS	NOT_RUN	NOT_RUN			Highest score from DN analyzer
RYR1	p.V1101M	NM_000540.3(RYR1):c.3301G>A (p.Val1101Met)	1e-05	SUCCESS	True	DN, LOF, GOF	DN:0.15(LB) LOF:0.27(LB) GOF:0.00(LB) FINAL:LB	0.15111111111111114	0.27	0.0	LB	LB	LB			Highest score from LOF analyzer
RYR1	p.Y1121C	NM_000540.3(RYR1):c.3362A>G (p.Tyr1121Cys)	1e-05	SUCCESS	False	DN	DN:0.50(VUS-P) FINAL:VUS-P	0.5	0.0	0.0	VUS-P	NOT_RUN	NOT_RUN			Highest score from DN analyzer
RYR1	p.Q1230Ter	NM_000540.3(RYR1):c.3688C>T (p.Gln1230Ter)		FAILED												
RYR1	p.R1409Ter	NM_000540.3(RYR1):c.4225C>T (p.Arg1409Ter)		FAILED												
RYR1	p.S1728F	NM_000540.3(RYR1):c.5183C>T (p.Ser1728Phe)	1e-05	SUCCESS	False	DN	DN:0.35(VUS) FINAL:VUS	0.34705882352941175	0.0	0.0	VUS	NOT_RUN	NOT_RUN			Highest score from DN analyzer
RYR1	p.R177C	NM_000540.3(RYR1):c.529C>T (p.Arg177Cys)	1e-05	SUCCESS	False	DN	DN:0.65(VUS-P) FINAL:VUS-P	0.65	0.0	0.0	VUS-P	NOT_RUN	NOT_RUN			Highest score from DN analyzer
RYR1	p.R1772G	NM_000540.3(RYR1):c.5314A>G (p.Arg1772Gly)	1e-05	SUCCESS	False	DN	DN:0.44(VUS) FINAL:VUS	0.4411111111111111	0.0	0.0	VUS	NOT_RUN	NOT_RUN			Highest score from DN analyzer
RYR1	p.Q1970Ter	NM_000540.3(RYR1):c.5908C>T (p.Gln1970Ter)		FAILED												
RYR1	p.R2163C	NM_000540.3(RYR1):c.6487C>T (p.Arg2163Cys)	1e-05	SUCCESS	False	DN	DN:0.65(VUS-P) FINAL:VUS-P	0.65	0.0	0.0	VUS-P	NOT_RUN	NOT_RUN			Highest score from DN analyzer
RYR1	p.P2195L	NM_000540.3(RYR1):c.6584C>T (p.Pro2195Leu)	1e-05	SUCCESS	True	DN, LOF, GOF	DN:0.25(LB) LOF:0.54(VUS-P) GOF:0.00(LB) FINAL:VUS-P	0.25	0.54	0.0	LB	VUS-P	LB			Highest score from LOF analyzer
RYR1	p.R2234C	NM_000540.3(RYR1):c.6700C>T (p.Arg2234Cys)	1e-05	SUCCESS	False	DN	DN:0.65(VUS-P) FINAL:VUS-P	0.65	0.0	0.0	VUS-P	NOT_RUN	NOT_RUN			Highest score from DN analyzer
RYR1	p.R2336H	NM_000540.3(RYR1):c.7007G>A (p.Arg2336His)	1e-05	SUCCESS	False	DN	DN:0.30(VUS) FINAL:VUS	0.3	0.0	0.0	VUS	NOT_RUN	NOT_RUN			Highest score from DN analyzer
RYR1	p.R2355W	NM_000540.3(RYR1):c.7063C>T (p.Arg2355Trp)	1e-05	SUCCESS	False	DN	DN:0.45(VUS) FINAL:VUS	0.44999999999999996	0.0	0.0	VUS	NOT_RUN	NOT_RUN			Highest score from DN analyzer
RYR1	p.M2423K	NM_000540.3(RYR1):c.7268T>A (p.Met2423Lys)	1e-05	SUCCESS	False	DN	DN:0.45(VUS) FINAL:VUS	0.45	0.0	0.0	VUS	NOT_RUN	NOT_RUN			Highest score from DN analyzer
RYR1	p.A2428T	NM_000540.3(RYR1):c.7282G>A (p.Ala2428Thr)	1e-05	SUCCESS	True	DN, LOF, GOF	DN:0.25(LB) LOF:0.27(LB) GOF:0.10(LB) FINAL:LB	0.25	0.27	0.09910535714285713	LB	LB	LB			Highest score from LOF analyzer
RYR1	p.R2452Q	NM_000540.3(RYR1):c.7355G>A (p.Arg2452Gln)	1e-05	SUCCESS	False	DN	DN:0.37(VUS) FINAL:VUS	0.37222222222222223	0.0	0.0	VUS	NOT_RUN	NOT_RUN			Highest score from DN analyzer
RYR1	p.R2454C	NM_000540.3(RYR1):c.7360C>T (p.Arg2454Cys)	1e-05	SUCCESS	False	DN	DN:0.65(VUS-P) FINAL:VUS-P	0.65	0.0	0.0	VUS-P	NOT_RUN	NOT_RUN			Highest score from DN analyzer
RYR1	p.R2454H	NM_000540.3(RYR1):c.7361G>A (p.Arg2454His)	1e-05	SUCCESS	False	DN	DN:0.30(VUS) FINAL:VUS	0.3	0.0	0.0	VUS	NOT_RUN	NOT_RUN			Highest score from DN analyzer
RYR1	p.R2458C	NM_000540.3(RYR1):c.7372C>T (p.Arg2458Cys)	1e-05	SUCCESS	False	DN	DN:0.65(VUS-P) FINAL:VUS-P	0.65	0.0	0.0	VUS-P	NOT_RUN	NOT_RUN			Highest score from DN analyzer
RYR1	p.R2458H	NM_000540.3(RYR1):c.7373G>A (p.Arg2458His)	1e-05	SUCCESS	False	DN	DN:0.30(VUS) FINAL:VUS	0.3	0.0	0.0	VUS	NOT_RUN	NOT_RUN			Highest score from DN analyzer
RYR1	p.Q2620Ter	NM_000540.3(RYR1):c.7858C>T (p.Gln2620Ter)		FAILED												
RYR1	p.R2676W	NM_000540.3(RYR1):c.8026C>T (p.Arg2676Trp)	1e-05	SUCCESS	False	DN	DN:0.45(VUS) FINAL:VUS	0.44999999999999996	0.0	0.0	VUS	NOT_RUN	NOT_RUN			Highest score from DN analyzer
RYR1	p.R280Ter	NM_000540.3(RYR1):c.838C>T (p.Arg280Ter)		FAILED												
RYR1	p.H283R	NM_000540.3(RYR1):c.848A>G (p.His283Arg)	1e-05	SUCCESS	False	DN	DN:0.30(VUS) FINAL:VUS	0.3	0.0	0.0	VUS	NOT_RUN	NOT_RUN			Highest score from DN analyzer
RYR1	p.Q2924Ter	NM_000540.3(RYR1):c.8770C>T (p.Gln2924Ter)		FAILED												
RYR1	p.R2939K	NM_000540.3(RYR1):c.8816G>A (p.Arg2939Lys)	1e-05	SUCCESS	True	DN, LOF, GOF	DN:0.25(LB) LOF:0.30(VUS) GOF:0.00(LB) FINAL:VUS	0.25	0.3	0.0	LB	VUS	LB			Highest score from LOF analyzer
RYR1	p.R2985Ter	NM_000540.3(RYR1):c.8953C>T (p.Arg2985Ter)		FAILED												
RYR1	p.R3053Ter	NM_000540.3(RYR1):c.9157C>T (p.Arg3053Ter)		FAILED												
RYR1	p.Q3127Ter	NM_000540.3(RYR1):c.9379C>T (p.Gln3127Ter)		FAILED												
RYR1	p.P3138L	NM_000540.3(RYR1):c.9413C>T (p.Pro3138Leu)	1e-05	SUCCESS	True	DN, LOF, GOF	DN:0.25(LB) LOF:0.54(VUS-P) GOF:0.00(LB) FINAL:VUS-P	0.25	0.54	0.0	LB	VUS-P	LB			Highest score from LOF analyzer
RYR1	p.G3191R	NM_000540.3(RYR1):c.9571G>A (p.Gly3191Arg)	1e-05	SUCCESS	False	DN	DN:0.44(VUS) FINAL:VUS	0.4411111111111111	0.0	0.0	VUS	NOT_RUN	NOT_RUN			Highest score from DN analyzer
RYR1	p.P3202L	NM_000540.3(RYR1):c.9605C>T (p.Pro3202Leu)	1e-05	SUCCESS	True	DN, LOF, GOF	DN:0.25(LB) LOF:0.54(VUS-P) GOF:0.00(LB) FINAL:VUS-P	0.25	0.54	0.0	LB	VUS-P	LB			Highest score from LOF analyzer
RYR1	p.P3208L	NM_000540.3(RYR1):c.9623C>T (p.Pro3208Leu)	1e-05	SUCCESS	True	DN, LOF, GOF	DN:0.25(LB) LOF:0.54(VUS-P) GOF:0.00(LB) FINAL:VUS-P	0.25	0.54	0.0	LB	VUS-P	LB			Highest score from LOF analyzer
RYR1	p.R3283Ter	NM_000540.3(RYR1):c.9847C>T (p.Arg3283Ter)		FAILED												
RYR1	p.Q3355Ter	NM_000540.3(RYR1):c.10063C>T (p.Gln3355Ter)		FAILED												
RYR1	p.K3367R	NM_000540.3(RYR1):c.10100A>G (p.Lys3367Arg)	0.0	SUCCESS	True	DN, LOF, GOF	DN:0.15(LB) LOF:0.30(VUS) GOF:0.00(LB) FINAL:VUS	0.15	0.3	0.0	LB	VUS	LB			Highest score from LOF analyzer
RYR1	p.E3391Ter	NM_000540.3(RYR1):c.10171G>T (p.Glu3391Ter)		FAILED												
RYR1	p.G341R	NM_000540.3(RYR1):c.1021G>A (p.Gly341Arg)	0.0	SUCCESS	False	DN	DN:0.44(VUS) FINAL:VUS	0.4411111111111111	0.0	0.0	VUS	NOT_RUN	NOT_RUN			Highest score from DN analyzer
RYR1	p.G341R	NM_000540.3(RYR1):c.1021G>C (p.Gly341Arg)	0.0	SUCCESS	False	DN	DN:0.44(VUS) FINAL:VUS	0.4411111111111111	0.0	0.0	VUS	NOT_RUN	NOT_RUN			Highest score from DN analyzer
RYR1	p.W3445Ter	NM_000540.3(RYR1):c.10334G>A (p.Trp3445Ter)		FAILED												
RYR1	p.S3448F	NM_000540.3(RYR1):c.10343C>T (p.Ser3448Phe)	0.0	SUCCESS	False	DN	DN:0.35(VUS) FINAL:VUS	0.34705882352941175	0.0	0.0	VUS	NOT_RUN	NOT_RUN			Highest score from DN analyzer
RYR1	p.Q3461Ter	NM_000540.3(RYR1):c.10381C>T (p.Gln3461Ter)		FAILED												
RYR1	p.Q3491Ter	NM_000540.3(RYR1):c.10471C>T (p.Gln3491Ter)		FAILED												
RYR1	p.K3515Ter	NM_000540.3(RYR1):c.10543A>T (p.Lys3515Ter)		FAILED												
RYR1	p.P3527S	NM_000540.3(RYR1):c.10579C>T (p.Pro3527Ser)	0.0	SUCCESS	True	DN, LOF, GOF	DN:0.25(LB) LOF:0.59(VUS-P) GOF:0.00(LB) FINAL:VUS-P	0.25	0.5879952362048431	0.0	LB	VUS-P	LB			Highest score from LOF analyzer
RYR1	p.Y3540Ter	NM_000540.3(RYR1):c.10620C>G (p.Tyr3540Ter)		FAILED												
RYR1	p.W355Ter	NM_000540.3(RYR1):c.1064G>A (p.Trp355Ter)		FAILED												
RYR1	p.S3600Ter	NM_000540.3(RYR1):c.10799C>G (p.Ser3600Ter)		FAILED												
RYR1	p.L3606P	NM_000540.3(RYR1):c.10817T>C (p.Leu3606Pro)	0.0	SUCCESS	False	DN	DN:0.50(VUS-P) FINAL:VUS-P	0.5	0.0	0.0	VUS-P	NOT_RUN	NOT_RUN			Highest score from DN analyzer
RYR1	p.Y3613Ter	NM_000540.3(RYR1):c.10839C>A (p.Tyr3613Ter)		FAILED												
RYR1	p.A3709V	NM_000540.3(RYR1):c.11126C>T (p.Ala3709Val)	0.0	SUCCESS	True	DN, LOF, GOF	DN:0.25(LB) LOF:0.27(LB) GOF:0.00(LB) FINAL:LB	0.25	0.27	0.0	LB	LB	LB			Highest score from LOF analyzer
RYR1	p.T3711M	NM_000540.3(RYR1):c.11132C>T (p.Thr3711Met)	0.0	SUCCESS	True	DN, LOF, GOF	DN:0.16(LB) LOF:0.18(LB) GOF:0.30(VUS) FINAL:VUS	0.1577777777777778	0.18	0.30302999999999997	LB	LB	VUS			Highest score from GOF analyzer
RYR1	p.E3749Ter	NM_000540.3(RYR1):c.11245G>T (p.Glu3749Ter)		FAILED												
RYR1	p.E3776Ter	NM_000540.3(RYR1):c.11326G>T (p.Glu3776Ter)		FAILED												
RYR1	p.Q3812Ter	NM_000540.3(RYR1):c.11434C>T (p.Gln3812Ter)		FAILED												
RYR1	p.Q3832Ter	NM_000540.3(RYR1):c.11494C>T (p.Gln3832Ter)		FAILED												
RYR1	p.Q3888Ter	NM_000540.3(RYR1):c.11662C>T (p.Gln3888Ter)		FAILED												
RYR1	p.Q3926Ter	NM_000540.3(RYR1):c.11776C>T (p.Gln3926Ter)		FAILED												
RYR1	p.K3958Ter	NM_000540.3(RYR1):c.11871dup (p.Lys3958Ter)		FAILED												
RYR1	p.Q3977Ter	NM_000540.3(RYR1):c.11929C>T (p.Gln3977Ter)		FAILED												
RYR1	p.R3983C	NM_000540.3(RYR1):c.11947C>T (p.Arg3983Cys)	0.0	SUCCESS	False	DN	DN:0.65(VUS-P) FINAL:VUS-P	0.65	0.0	0.0	VUS-P	NOT_RUN	NOT_RUN			Highest score from DN analyzer
RYR1	p.D3986E	NM_000540.3(RYR1):c.11958C>G (p.Asp3986Glu)	0.0	SUCCESS	True	DN, LOF, GOF	DN:0.15(LB) LOF:0.36(VUS) GOF:0.00(LB) FINAL:VUS	0.15	0.36	0.0	LB	VUS	LB			Highest score from LOF analyzer
RYR1	p.G3990V	NM_000540.3(RYR1):c.11969G>T (p.Gly3990Val)	0.0	SUCCESS	True	DN, LOF, GOF	DN:0.20(LB) LOF:0.62(VUS-P) GOF:0.19(LB) FINAL:VUS-P	0.2	0.6150764192139738	0.18959999999999996	LB	VUS-P	LB			Highest score from LOF analyzer
RYR1	p.A400T	NM_000540.3(RYR1):c.1198G>A (p.Ala400Thr)	0.0	SUCCESS	True	DN, LOF, GOF	DN:0.16(LB) LOF:0.27(LB) GOF:0.00(LB) FINAL:LB	0.15555555555555556	0.27	0.0	LB	LB	LB			Highest score from LOF analyzer
RYR1	p.Q4004Ter	NM_000540.3(RYR1):c.12010C>T (p.Gln4004Ter)		FAILED												
RYR1	p.Q4008Ter	NM_000540.3(RYR1):c.12022C>T (p.Gln4008Ter)		FAILED												
RYR1	p.R401H	NM_000540.3(RYR1):c.1202G>A (p.Arg401His)	0.0	SUCCESS	False	DN	DN:0.30(VUS) FINAL:VUS	0.3	0.0	0.0	VUS	NOT_RUN	NOT_RUN			Highest score from DN analyzer
RYR1	p.R401L	NM_000540.3(RYR1):c.1202G>T (p.Arg401Leu)	0.0	SUCCESS	False	DN	DN:0.45(VUS) FINAL:VUS	0.45	0.0	0.0	VUS	NOT_RUN	NOT_RUN			Highest score from DN analyzer
RYR1	p.M402T	NM_000540.3(RYR1):c.1205T>C (p.Met402Thr)	0.0	SUCCESS	True	DN, LOF, GOF	DN:0.16(LB) LOF:0.27(LB) GOF:0.00(LB) FINAL:LB	0.1577777777777778	0.27	0.0	LB	LB	LB			Highest score from LOF analyzer
RYR1	p.S4028L	NM_000540.3(RYR1):c.12083C>T (p.Ser4028Leu)	0.0	SUCCESS	True	DN, LOF, GOF	DN:0.25(LB) LOF:0.19(LB) GOF:0.71(VUS-P) FINAL:VUS-P	0.25	0.19400952759031362	0.70731	LB	LB	VUS-P			Highest score from GOF analyzer
RYR1	p.I403M	NM_000540.3(RYR1):c.1209C>G (p.Ile403Met)	0.0	SUCCESS	True	DN, LOF, GOF	DN:0.25(LB) LOF:0.27(LB) GOF:0.00(LB) FINAL:LB	0.25	0.27	0.0	LB	LB	LB			Highest score from LOF analyzer
RYR1	p.S4050Y	NM_000540.3(RYR1):c.12149C>A (p.Ser4050Tyr)	0.0	SUCCESS	False	DN	DN:0.35(VUS) FINAL:VUS	0.351764705882353	0.0	0.0	VUS	NOT_RUN	NOT_RUN			Highest score from DN analyzer
RYR1	p.C4124Ter	NM_000540.3(RYR1):c.12371_12372delinsAA (p.Cys4124Ter)		FAILED												
RYR1	p.E4167Ter	NM_000540.3(RYR1):c.12499G>T (p.Glu4167Ter)		FAILED												
RYR1	p.G4178S	NM_000540.3(RYR1):c.12532G>A (p.Gly4178Ser)	0.0	SUCCESS	True	DN, LOF, GOF	DN:0.15(LB) LOF:0.54(VUS-P) GOF:0.08(LB) FINAL:VUS-P	0.15	0.5449999999999999	0.0777	LB	VUS-P	LB			Highest score from LOF analyzer
RYR1	p.F4194L	NM_000540.3(RYR1):c.12580T>C (p.Phe4194Leu)	0.0	SUCCESS	False	DN	DN:0.30(VUS) FINAL:VUS	0.3	0.0	0.0	VUS	NOT_RUN	NOT_RUN			Highest score from DN analyzer
RYR1	p.F4194L	NM_000540.3(RYR1):c.12582C>G (p.Phe4194Leu)	0.0	SUCCESS	False	DN	DN:0.30(VUS) FINAL:VUS	0.3	0.0	0.0	VUS	NOT_RUN	NOT_RUN			Highest score from DN analyzer
RYR1	p.Q4203Ter	NM_000540.3(RYR1):c.12607C>T (p.Gln4203Ter)		FAILED												
RYR1	p.W4204Ter	NM_000540.3(RYR1):c.12612G>A (p.Trp4204Ter)		FAILED												
RYR1	p.E4205Ter	NM_000540.3(RYR1):c.12613G>T (p.Glu4205Ter)		FAILED												
RYR1	p.V4234L	NM_000540.3(RYR1):c.12700G>C (p.Val4234Leu)	0.0	SUCCESS	True	DN, LOF, GOF	DN:0.25(LB) LOF:0.27(LB) GOF:0.00(LB) FINAL:LB	0.25	0.27	0.0	LB	LB	LB			Highest score from LOF analyzer
RYR1	p.V4234L	NM_000540.3(RYR1):c.12700G>T (p.Val4234Leu)	0.0	SUCCESS	True	DN, LOF, GOF	DN:0.25(LB) LOF:0.27(LB) GOF:0.00(LB) FINAL:LB	0.25	0.27	0.0	LB	LB	LB			Highest score from LOF analyzer
RYR1	p.E4243K	NM_000540.3(RYR1):c.12727G>A (p.Glu4243Lys)	0.0	SUCCESS	False	DN	DN:0.61(VUS-P) FINAL:VUS-P	0.6088888888888889	0.0	0.0	VUS-P	NOT_RUN	NOT_RUN			Highest score from DN analyzer
RYR1	p.E4256Ter	NM_000540.3(RYR1):c.12766G>T (p.Glu4256Ter)		FAILED												
RYR1	p.E4277Ter	NM_000540.3(RYR1):c.12829G>T (p.Glu4277Ter)		FAILED												
RYR1	p.R4306Ter	NM_000540.3(RYR1):c.12916C>T (p.Arg4306Ter)		FAILED												
RYR1	p.A4329D	NM_000540.3(RYR1):c.12986C>A (p.Ala4329Asp)	0.0	SUCCESS	False	DN	DN:0.45(VUS) FINAL:VUS	0.45	0.0	0.0	VUS	NOT_RUN	NOT_RUN			Highest score from DN analyzer
RYR1	p.W4337Ter	NM_000540.3(RYR1):c.13011G>A (p.Trp4337Ter)		FAILED												
RYR1	p.R44C	NM_000540.3(RYR1):c.130C>T (p.Arg44Cys)	0.0	SUCCESS	False	DN	DN:0.65(VUS-P) FINAL:VUS-P	0.65	0.0	0.0	VUS-P	NOT_RUN	NOT_RUN			Highest score from DN analyzer
RYR1	p.E4410Ter	NM_000540.3(RYR1):c.13228G>T (p.Glu4410Ter)		FAILED												
RYR1	p.I448F	NM_000540.3(RYR1):c.1342A>T (p.Ile448Phe)	0.0	SUCCESS	False	DN	DN:0.30(VUS) FINAL:VUS	0.3	0.0	0.0	VUS	NOT_RUN	NOT_RUN			Highest score from DN analyzer
RYR1	p.E4494Ter	NM_000540.3(RYR1):c.13480G>T (p.Glu4494Ter)		FAILED												
RYR1	p.E4500Ter	NM_000540.3(RYR1):c.13498G>T (p.Glu4500Ter)		FAILED												
RYR1	p.E4512Ter	NM_000540.3(RYR1):c.13534G>T (p.Glu4512Ter)		FAILED												
RYR1	p.Q4525Ter	NM_000540.3(RYR1):c.13573C>T (p.Gln4525Ter)		FAILED												
RYR1	p.Y4555Ter	NM_000540.3(RYR1):c.13665C>G (p.Tyr4555Ter)		FAILED												
RYR1	p.R4558G	NM_000540.3(RYR1):c.13672C>G (p.Arg4558Gly)	0.0	SUCCESS	False	DN	DN:0.44(VUS) FINAL:VUS	0.4411111111111111	0.0	0.0	VUS	NOT_RUN	NOT_RUN			Highest score from DN analyzer
RYR1	p.R4564W	NM_000540.3(RYR1):c.13690C>T (p.Arg4564Trp)	0.0	SUCCESS	False	DN	DN:0.45(VUS) FINAL:VUS	0.44999999999999996	0.0	0.0	VUS	NOT_RUN	NOT_RUN			Highest score from DN analyzer
RYR1	p.L4568P	NM_000540.3(RYR1):c.13703T>C (p.Leu4568Pro)	0.0	SUCCESS	False	DN	DN:0.50(VUS-P) FINAL:VUS-P	0.5	0.0	0.0	VUS-P	NOT_RUN	NOT_RUN			Highest score from DN analyzer
RYR1	p.Y4581Ter	NM_000540.3(RYR1):c.13743T>G (p.Tyr4581Ter)		FAILED												
RYR1	p.E461Ter	NM_000540.3(RYR1):c.1381G>T (p.Glu461Ter)		FAILED												
RYR1	p.Y4631N	NM_000540.3(RYR1):c.13891T>A (p.Tyr4631Asn)	0.0	SUCCESS	False	DN	DN:0.32(VUS) FINAL:VUS	0.3223529411764706	0.0	0.0	VUS	NOT_RUN	NOT_RUN			Highest score from DN analyzer
RYR1	p.Y4631S	NM_000540.3(RYR1):c.13892A>C (p.Tyr4631Ser)	0.0	SUCCESS	False	DN	DN:0.35(VUS) FINAL:VUS	0.351764705882353	0.0	0.0	VUS	NOT_RUN	NOT_RUN			Highest score from DN analyzer
RYR1	p.Y4631C	NM_000540.3(RYR1):c.13892A>G (p.Tyr4631Cys)	0.0	SUCCESS	False	DN	DN:0.50(VUS-P) FINAL:VUS-P	0.5	0.0	0.0	VUS-P	NOT_RUN	NOT_RUN			Highest score from DN analyzer
RYR1	p.Y4631Ter	NM_000540.3(RYR1):c.13893C>G (p.Tyr4631Ter)		FAILED												
RYR1	p.E4634K	NM_000540.3(RYR1):c.13900G>A (p.Glu4634Lys)	0.0	SUCCESS	False	DN	DN:0.61(VUS-P) FINAL:VUS-P	0.6088888888888889	0.0	0.0	VUS-P	NOT_RUN	NOT_RUN			Highest score from DN analyzer
RYR1	p.E4634Ter	NM_000540.3(RYR1):c.13900G>T (p.Glu4634Ter)		FAILED												
RYR1	p.E4635K	NM_000540.3(RYR1):c.13903G>A (p.Glu4635Lys)	0.0	SUCCESS	False	DN	DN:0.61(VUS-P) FINAL:VUS-P	0.6088888888888889	0.0	0.0	VUS-P	NOT_RUN	NOT_RUN			Highest score from DN analyzer
RYR1	p.T4637A	NM_000540.3(RYR1):c.13909A>G (p.Thr4637Ala)	0.0	SUCCESS	True	DN, LOF, GOF	DN:0.25(LB) LOF:0.18(LB) GOF:0.84(LP) FINAL:LP	0.25	0.18	0.8449874999999998	LB	LB	LP			Highest score from GOF analyzer
RYR1	p.T4637I	NM_000540.3(RYR1):c.13910C>T (p.Thr4637Ile)	0.0	SUCCESS	True	DN, LOF, GOF	DN:0.25(LB) LOF:0.18(LB) GOF:0.84(LP) FINAL:LP	0.25	0.18	0.8449874999999998	LB	LB	LP			Highest score from GOF analyzer
RYR1	p.G4638S	NM_000540.3(RYR1):c.13912G>A (p.Gly4638Ser)	0.0	SUCCESS	True	DN, LOF, GOF	DN:0.15(LB) LOF:0.54(VUS-P) GOF:0.08(LB) FINAL:VUS-P	0.15	0.5449999999999999	0.0777	LB	VUS-P	LB			Highest score from LOF analyzer
RYR1	p.G4638D	NM_000540.3(RYR1):c.13913G>A (p.Gly4638Asp)	0.0	SUCCESS	False	DN	DN:0.42(VUS) FINAL:VUS	0.41888888888888887	0.0	0.0	VUS	NOT_RUN	NOT_RUN			Highest score from DN analyzer
RYR1	p.M4640R	NM_000540.3(RYR1):c.13919T>G (p.Met4640Arg)	0.0	SUCCESS	False	DN	DN:0.45(VUS) FINAL:VUS	0.45	0.0	0.0	VUS	NOT_RUN	NOT_RUN			Highest score from DN analyzer
RYR1	p.L4650P	NM_000540.3(RYR1):c.13949T>C (p.Leu4650Pro)	0.0	SUCCESS	False	DN	DN:0.50(VUS-P) FINAL:VUS-P	0.5	0.0	0.0	VUS-P	NOT_RUN	NOT_RUN			Highest score from DN analyzer
RYR1	p.H4651P	NM_000540.3(RYR1):c.13952A>C (p.His4651Pro)	0.0	SUCCESS	False	DN	DN:0.70(VUS-P) FINAL:VUS-P	0.7	0.0	0.0	VUS-P	NOT_RUN	NOT_RUN			Highest score from DN analyzer
RYR1	p.H4651R	NM_000540.3(RYR1):c.13952A>G (p.His4651Arg)	0.0	SUCCESS	False	DN	DN:0.30(VUS) FINAL:VUS	0.3	0.0	0.0	VUS	NOT_RUN	NOT_RUN			Highest score from DN analyzer
RYR1	p.L4665P	NM_000540.3(RYR1):c.13994T>C (p.Leu4665Pro)	0.0	SUCCESS	False	DN	DN:0.45(VUS) FINAL:VUS	0.45	0.0	0.0	VUS	NOT_RUN	NOT_RUN			Highest score from DN analyzer
RYR1	p.L4793P	NM_000540.3(RYR1):c.14378T>C (p.Leu4793Pro)	0.0	SUCCESS	False	DN	DN:0.45(VUS) FINAL:VUS	0.45	0.0	0.0	VUS	NOT_RUN	NOT_RUN			Highest score from DN analyzer
RYR1	p.W4795Ter	NM_000540.3(RYR1):c.14384G>A (p.Trp4795Ter)		FAILED												
RYR1	p.W4795Ter	NM_000540.3(RYR1):c.14385G>A (p.Trp4795Ter)		FAILED												
RYR1	p.Y4796C	NM_000540.3(RYR1):c.14387A>G (p.Tyr4796Cys)	0.0	SUCCESS	False	DN	DN:0.50(VUS-P) FINAL:VUS-P	0.5	0.0	0.0	VUS-P	NOT_RUN	NOT_RUN			Highest score from DN analyzer
RYR1	p.N4806D	NM_000540.3(RYR1):c.14416A>G (p.Asn4806Asp)	0.0	SUCCESS	False	DN	DN:0.35(VUS) FINAL:VUS	0.35	0.0	0.0	VUS	NOT_RUN	NOT_RUN			Highest score from DN analyzer
RYR1	p.F4808N	NM_000540.3(RYR1):c.14422_14423inv (p.Phe4808Asn)	0.0	SUCCESS	False	DN	DN:0.32(VUS) FINAL:VUS	0.3176470588235294	0.0	0.0	VUS	NOT_RUN	NOT_RUN			Highest score from DN analyzer
RYR1	p.F4808Y	NM_000540.3(RYR1):c.14423T>A (p.Phe4808Tyr)	0.0	SUCCESS	True	DN, LOF, GOF	DN:0.25(LB) LOF:0.36(VUS) GOF:0.10(LB) FINAL:VUS	0.25	0.36	0.09910535714285713	LB	VUS	LB			Highest score from LOF analyzer
RYR1	p.F4808L	NM_000540.3(RYR1):c.14424C>A (p.Phe4808Leu)	0.0	SUCCESS	False	DN	DN:0.30(VUS) FINAL:VUS	0.3	0.0	0.0	VUS	NOT_RUN	NOT_RUN			Highest score from DN analyzer
RYR1	p.H4813Y	NM_000540.3(RYR1):c.14437C>T (p.His4813Tyr)	0.0	SUCCESS	False	DN	DN:0.39(VUS) FINAL:VUS	0.39222222222222225	0.0	0.0	VUS	NOT_RUN	NOT_RUN			Highest score from DN analyzer
RYR1	p.L4814F	NM_000540.3(RYR1):c.14440C>T (p.Leu4814Phe)	0.0	SUCCESS	False	DN	DN:0.30(VUS) FINAL:VUS	0.3	0.0	0.0	VUS	NOT_RUN	NOT_RUN			Highest score from DN analyzer
RYR1	p.D4816G	NM_000540.3(RYR1):c.14447A>G (p.Asp4816Gly)	0.0	SUCCESS	False	DN	DN:0.42(VUS) FINAL:VUS	0.41888888888888887	0.0	0.0	VUS	NOT_RUN	NOT_RUN			Highest score from DN analyzer
RYR1	p.L4824P	NM_000540.3(RYR1):c.14471T>C (p.Leu4824Pro)	0.0	SUCCESS	False	DN	DN:0.50(VUS-P) FINAL:VUS-P	0.5	0.0	0.0	VUS-P	NOT_RUN	NOT_RUN			Highest score from DN analyzer
RYR1	p.R4825C	NM_000540.3(RYR1):c.14473C>T (p.Arg4825Cys)	0.0	SUCCESS	False	DN	DN:0.65(VUS-P) FINAL:VUS-P	0.65	0.0	0.0	VUS-P	NOT_RUN	NOT_RUN			Highest score from DN analyzer
RYR1	p.T4826I	NM_000540.3(RYR1):c.14477C>T (p.Thr4826Ile)	0.0	SUCCESS	True	DN, LOF, GOF	DN:0.20(LB) LOF:0.18(LB) GOF:0.56(VUS-P) FINAL:VUS-P	0.2	0.18	0.563325	LB	LB	VUS-P			Highest score from GOF analyzer
RYR1	p.T4832N	NM_000540.3(RYR1):c.14495C>A (p.Thr4832Asn)	0.0	SUCCESS	True	DN, LOF, GOF	DN:0.16(LB) LOF:0.18(LB) GOF:0.25(LB) FINAL:LB	0.16222222222222224	0.18	0.252525	LB	LB	LB			Highest score from GOF analyzer
RYR1	p.H4833Y	NM_000540.3(RYR1):c.14497C>T (p.His4833Tyr)	0.0	SUCCESS	False	DN	DN:0.39(VUS) FINAL:VUS	0.39222222222222225	0.0	0.0	VUS	NOT_RUN	NOT_RUN			Highest score from DN analyzer
RYR1	p.A4846V	NM_000540.3(RYR1):c.14537C>T (p.Ala4846Val)	0.0	SUCCESS	True	DN, LOF, GOF	DN:0.25(LB) LOF:0.27(LB) GOF:0.00(LB) FINAL:LB	0.25	0.27	0.0	LB	LB	LB			Highest score from LOF analyzer
RYR1	p.V4847L	NM_000540.3(RYR1):c.14539G>C (p.Val4847Leu)	0.0	SUCCESS	True	DN, LOF, GOF	DN:0.25(LB) LOF:0.27(LB) GOF:0.00(LB) FINAL:LB	0.25	0.27	0.0	LB	LB	LB			Highest score from LOF analyzer
RYR1	p.L4851P	NM_000540.3(RYR1):c.14552T>C (p.Leu4851Pro)	0.0	SUCCESS	False	DN	DN:0.50(VUS-P) FINAL:VUS-P	0.5	0.0	0.0	VUS-P	NOT_RUN	NOT_RUN			Highest score from DN analyzer
RYR1	p.Y4852C	NM_000540.3(RYR1):c.14555A>G (p.Tyr4852Cys)	0.0	SUCCESS	False	DN	DN:0.50(VUS-P) FINAL:VUS-P	0.5	0.0	0.0	VUS-P	NOT_RUN	NOT_RUN			Highest score from DN analyzer
RYR1	p.T4853N	NM_000540.3(RYR1):c.14558C>A (p.Thr4853Asn)	0.0	SUCCESS	True	DN, LOF, GOF	DN:0.25(LB) LOF:0.18(LB) GOF:0.25(LB) FINAL:LB	0.25	0.18	0.252525	LB	LB	LB			Highest score from GOF analyzer
RYR1	p.T4853I	NM_000540.3(RYR1):c.14558C>T (p.Thr4853Ile)	0.0	SUCCESS	True	DN, LOF, GOF	DN:0.25(LB) LOF:0.18(LB) GOF:0.25(LB) FINAL:LB	0.25	0.18	0.252525	LB	LB	LB			Highest score from GOF analyzer
RYR1	p.F4857L	NM_000540.3(RYR1):c.14569T>C (p.Phe4857Leu)	0.0	SUCCESS	False	DN	DN:0.30(VUS) FINAL:VUS	0.3	0.0	0.0	VUS	NOT_RUN	NOT_RUN			Highest score from DN analyzer
RYR1	p.F4857S	NM_000540.3(RYR1):c.14570T>C (p.Phe4857Ser)	0.0	SUCCESS	False	DN	DN:0.35(VUS) FINAL:VUS	0.34705882352941175	0.0	0.0	VUS	NOT_RUN	NOT_RUN			Highest score from DN analyzer
RYR1	p.N4858D	NM_000540.3(RYR1):c.14572A>G (p.Asn4858Asp)	0.0	SUCCESS	False	DN	DN:0.35(VUS) FINAL:VUS	0.35	0.0	0.0	VUS	NOT_RUN	NOT_RUN			Highest score from DN analyzer
RYR1	p.F4860Ter	NM_000540.3(RYR1):c.14579_14580delinsAA (p.Phe4860Ter)		FAILED												
RYR1	p.R4861C	NM_000540.3(RYR1):c.14581C>T (p.Arg4861Cys)	0.0	SUCCESS	False	DN	DN:0.65(VUS-P) FINAL:VUS-P	0.65	0.0	0.0	VUS-P	NOT_RUN	NOT_RUN			Highest score from DN analyzer
RYR1	p.R4861H	NM_000540.3(RYR1):c.14582G>A (p.Arg4861His)	0.0	SUCCESS	False	DN	DN:0.30(VUS) FINAL:VUS	0.3	0.0	0.0	VUS	NOT_RUN	NOT_RUN			Highest score from DN analyzer
RYR1	p.R4861P	NM_000540.3(RYR1):c.14582G>C (p.Arg4861Pro)	0.0	SUCCESS	False	DN	DN:0.66(VUS-P) FINAL:VUS-P	0.6644444444444445	0.0	0.0	VUS-P	NOT_RUN	NOT_RUN			Highest score from DN analyzer
RYR1	p.K4862T	NM_000540.3(RYR1):c.14585A>C (p.Lys4862Thr)	0.0	SUCCESS	False	DN	DN:0.42(VUS) FINAL:VUS	0.4211111111111111	0.0	0.0	VUS	NOT_RUN	NOT_RUN			Highest score from DN analyzer
RYR1	p.Y4864C	NM_000540.3(RYR1):c.14591A>G (p.Tyr4864Cys)	0.0	SUCCESS	False	DN	DN:0.50(VUS-P) FINAL:VUS-P	0.5	0.0	0.0	VUS-P	NOT_RUN	NOT_RUN			Highest score from DN analyzer
RYR1	p.K4876R	NM_000540.3(RYR1):c.14627A>G (p.Lys4876Arg)	0.0	SUCCESS	True	DN, LOF, GOF	DN:0.15(LB) LOF:0.30(VUS) GOF:0.00(LB) FINAL:VUS	0.15	0.3	0.0	LB	VUS	LB			Highest score from LOF analyzer
RYR1	p.H4887Y	NM_000540.3(RYR1):c.14659C>T (p.His4887Tyr)	0.0	SUCCESS	False	DN	DN:0.39(VUS) FINAL:VUS	0.39222222222222225	0.0	0.0	VUS	NOT_RUN	NOT_RUN			Highest score from DN analyzer
RYR1	p.Y4889Ter	NM_000540.3(RYR1):c.14667C>A (p.Tyr4889Ter)		FAILED												
RYR1	p.G4891R	NM_000540.3(RYR1):c.14671G>C (p.Gly4891Arg)	0.0	SUCCESS	False	DN	DN:0.44(VUS) FINAL:VUS	0.4411111111111111	0.0	0.0	VUS	NOT_RUN	NOT_RUN			Highest score from DN analyzer
RYR1	p.R4893W	NM_000540.3(RYR1):c.14677C>T (p.Arg4893Trp)	0.0	SUCCESS	False	DN	DN:0.45(VUS) FINAL:VUS	0.44999999999999996	0.0	0.0	VUS	NOT_RUN	NOT_RUN			Highest score from DN analyzer
RYR1	p.R4893Q	NM_000540.3(RYR1):c.14678G>A (p.Arg4893Gln)	0.0	SUCCESS	False	DN	DN:0.37(VUS) FINAL:VUS	0.37222222222222223	0.0	0.0	VUS	NOT_RUN	NOT_RUN			Highest score from DN analyzer
RYR1	p.R4893P	NM_000540.3(RYR1):c.14678G>C (p.Arg4893Pro)	0.0	SUCCESS	False	DN	DN:0.66(VUS-P) FINAL:VUS-P	0.6644444444444445	0.0	0.0	VUS-P	NOT_RUN	NOT_RUN			Highest score from DN analyzer
RYR1	p.G4895V	NM_000540.3(RYR1):c.14684G>T (p.Gly4895Val)	0.0	SUCCESS	True	DN, LOF, GOF	DN:0.25(LB) LOF:0.56(VUS-P) GOF:0.34(VUS) FINAL:VUS-P	0.25	0.5555676855895196	0.3388	LB	VUS-P	VUS			Highest score from LOF analyzer
RYR1	p.G4896E	NM_000540.3(RYR1):c.14687G>A (p.Gly4896Glu)	0.0	SUCCESS	False	DN	DN:0.85(LP) FINAL:LP	0.85	0.0	0.0	LP	NOT_RUN	NOT_RUN			Highest score from DN analyzer
RYR1	p.G4897V	NM_000540.3(RYR1):c.14690G>T (p.Gly4897Val)	0.0	SUCCESS	True	DN, LOF, GOF	DN:0.25(LB) LOF:0.56(VUS-P) GOF:0.19(LB) FINAL:VUS-P	0.25	0.5555597459309249	0.18959999999999996	LB	VUS-P	LB			Highest score from LOF analyzer
RYR1	p.I4898T	NM_000540.3(RYR1):c.14693T>C (p.Ile4898Thr)	0.0	SUCCESS	True	DN, LOF, GOF	DN:0.20(LB) LOF:0.27(LB) GOF:0.00(LB) FINAL:LB	0.2	0.27	0.0	LB	LB	LB			Highest score from LOF analyzer
RYR1	p.G4899E	NM_000540.3(RYR1):c.14696G>A (p.Gly4899Glu)	0.0	SUCCESS	False	DN	DN:0.60(VUS-P) FINAL:VUS-P	0.6	0.0	0.0	VUS-P	NOT_RUN	NOT_RUN			Highest score from DN analyzer
RYR1	p.A4906V	NM_000540.3(RYR1):c.14717C>T (p.Ala4906Val)	0.0	SUCCESS	True	DN, LOF, GOF	DN:0.15(LB) LOF:0.27(LB) GOF:0.00(LB) FINAL:LB	0.15333333333333335	0.27	0.0	LB	LB	LB			Highest score from LOF analyzer
RYR1	p.E4911K	NM_000540.3(RYR1):c.14731G>A (p.Glu4911Lys)	0.0	SUCCESS	False	DN	DN:0.61(VUS-P) FINAL:VUS-P	0.6088888888888889	0.0	0.0	VUS-P	NOT_RUN	NOT_RUN			Highest score from DN analyzer
RYR1	p.R4914G	NM_000540.3(RYR1):c.14740A>G (p.Arg4914Gly)	0.0	SUCCESS	False	DN	DN:0.44(VUS) FINAL:VUS	0.4411111111111111	0.0	0.0	VUS	NOT_RUN	NOT_RUN			Highest score from DN analyzer
RYR1	p.R4914T	NM_000540.3(RYR1):c.14741G>C (p.Arg4914Thr)	0.0	SUCCESS	False	DN	DN:0.43(VUS) FINAL:VUS	0.43444444444444447	0.0	0.0	VUS	NOT_RUN	NOT_RUN			Highest score from DN analyzer
RYR1	p.D4918N	NM_000540.3(RYR1):c.14752G>A (p.Asp4918Asn)	0.0	SUCCESS	False	DN	DN:0.35(VUS) FINAL:VUS	0.35	0.0	0.0	VUS	NOT_RUN	NOT_RUN			Highest score from DN analyzer
RYR1	p.T4920N	NM_000540.3(RYR1):c.14759C>A (p.Thr4920Asn)	0.0	SUCCESS	True	DN, LOF, GOF	DN:0.25(LB) LOF:0.18(LB) GOF:0.56(VUS-P) FINAL:VUS-P	0.25	0.18	0.563325	LB	LB	VUS-P			Highest score from GOF analyzer
RYR1	p.F4921T	NM_000540.3(RYR1):c.14761_14762delinsAC (p.Phe4921Thr)	0.0	SUCCESS	False	DN	DN:0.32(VUS) FINAL:VUS	0.31529411764705884	0.0	0.0	VUS	NOT_RUN	NOT_RUN			Highest score from DN analyzer
RYR1	p.F4921S	NM_000540.3(RYR1):c.14762T>C (p.Phe4921Ser)	0.0	SUCCESS	False	DN	DN:0.35(VUS) FINAL:VUS	0.34705882352941175	0.0	0.0	VUS	NOT_RUN	NOT_RUN			Highest score from DN analyzer
RYR1	p.G4935S	NM_000540.3(RYR1):c.14803G>A (p.Gly4935Ser)	0.0	SUCCESS	True	DN, LOF, GOF	DN:0.25(LB) LOF:0.54(VUS-P) GOF:0.08(LB) FINAL:VUS-P	0.25	0.5449999999999999	0.0777	LB	VUS-P	LB			Highest score from LOF analyzer
RYR1	p.G4935D	NM_000540.3(RYR1):c.14804G>A (p.Gly4935Asp)	0.0	SUCCESS	False	DN	DN:0.42(VUS) FINAL:VUS	0.41888888888888887	0.0	0.0	VUS	NOT_RUN	NOT_RUN			Highest score from DN analyzer
RYR1	p.L4936R	NM_000540.3(RYR1):c.14807T>G (p.Leu4936Arg)	0.0	SUCCESS	False	DN	DN:0.45(VUS) FINAL:VUS	0.45	0.0	0.0	VUS	NOT_RUN	NOT_RUN			Highest score from DN analyzer
RYR1	p.I4938M	NM_000540.3(RYR1):c.14814C>G (p.Ile4938Met)	0.0	SUCCESS	True	DN, LOF, GOF	DN:0.16(LB) LOF:0.27(LB) GOF:0.00(LB) FINAL:LB	0.1577777777777778	0.27	0.0	LB	LB	LB			Highest score from LOF analyzer
RYR1	p.Q4948K	NM_000540.3(RYR1):c.14842C>A (p.Gln4948Lys)	0.0	SUCCESS	False	DN	DN:0.36(VUS) FINAL:VUS	0.3588888888888889	0.0	0.0	VUS	NOT_RUN	NOT_RUN			Highest score from DN analyzer
RYR1	p.Q4948R	NM_000540.3(RYR1):c.14843A>G (p.Gln4948Arg)	0.0	SUCCESS	False	DN	DN:0.37(VUS) FINAL:VUS	0.37222222222222223	0.0	0.0	VUS	NOT_RUN	NOT_RUN			Highest score from DN analyzer
RYR1	p.E4949Ter	NM_000540.3(RYR1):c.14845G>T (p.Glu4949Ter)		FAILED												
RYR1	p.F4976L	NM_000540.3(RYR1):c.14928C>A (p.Phe4976Leu)	0.0	SUCCESS	False	DN	DN:0.30(VUS) FINAL:VUS	0.3	0.0	0.0	VUS	NOT_RUN	NOT_RUN			Highest score from DN analyzer
RYR1	p.G5006S	NM_000540.3(RYR1):c.15016G>A (p.Gly5006Ser)	0.0	SUCCESS	True	DN, LOF, GOF	DN:0.15(LB) LOF:0.54(VUS-P) GOF:0.08(LB) FINAL:VUS-P	0.15	0.5449999999999999	0.0777	LB	VUS-P	LB			Highest score from LOF analyzer
RYR1	p.G5006D	NM_000540.3(RYR1):c.15017G>A (p.Gly5006Asp)	0.0	SUCCESS	False	DN	DN:0.42(VUS) FINAL:VUS	0.41888888888888887	0.0	0.0	VUS	NOT_RUN	NOT_RUN			Highest score from DN analyzer
RYR1	p.Y522S	NM_000540.3(RYR1):c.1565A>C (p.Tyr522Ser)	0.0	SUCCESS	False	DN	DN:0.35(VUS) FINAL:VUS	0.351764705882353	0.0	0.0	VUS	NOT_RUN	NOT_RUN			Highest score from DN analyzer
RYR1	p.F539L	NM_000540.3(RYR1):c.1615T>C (p.Phe539Leu)	0.0	SUCCESS	False	DN	DN:0.30(VUS) FINAL:VUS	0.3	0.0	0.0	VUS	NOT_RUN	NOT_RUN			Highest score from DN analyzer
RYR1	p.R552W	NM_000540.3(RYR1):c.1654C>T (p.Arg552Trp)	0.0	SUCCESS	False	DN	DN:0.45(VUS) FINAL:VUS	0.44999999999999996	0.0	0.0	VUS	NOT_RUN	NOT_RUN			Highest score from DN analyzer
RYR1	p.E554Ter	NM_000540.3(RYR1):c.1659_1660delinsTT (p.Glu554Ter)		FAILED												
RYR1	p.S557F	NM_000540.3(RYR1):c.1670C>T (p.Ser557Phe)	0.0	SUCCESS	False	DN	DN:0.35(VUS) FINAL:VUS	0.34705882352941175	0.0	0.0	VUS	NOT_RUN	NOT_RUN			Highest score from DN analyzer
RYR1	p.R614L	NM_000540.3(RYR1):c.1841G>T (p.Arg614Leu)	0.0	SUCCESS	False	DN	DN:0.45(VUS) FINAL:VUS	0.45	0.0	0.0	VUS	NOT_RUN	NOT_RUN			Highest score from DN analyzer
RYR1	p.W661Ter	NM_000540.3(RYR1):c.1982G>A (p.Trp661Ter)		FAILED												
RYR1	p.E669Ter	NM_000540.3(RYR1):c.2005G>T (p.Glu669Ter)		FAILED												
RYR1	p.Q677Ter	NM_000540.3(RYR1):c.2029C>T (p.Gln677Ter)		FAILED												
RYR1	p.Q70Ter	NM_000540.3(RYR1):c.208C>T (p.Gln70Ter)		FAILED												
RYR1	p.S71Y	NM_000540.3(RYR1):c.212C>A (p.Ser71Tyr)	0.0	SUCCESS	False	DN	DN:0.35(VUS) FINAL:VUS	0.351764705882353	0.0	0.0	VUS	NOT_RUN	NOT_RUN			Highest score from DN analyzer
RYR1	p.Q764Ter	NM_000540.3(RYR1):c.2290C>T (p.Gln764Ter)		FAILED												
RYR1	p.R819Ter	NM_000540.3(RYR1):c.2455C>T (p.Arg819Ter)		FAILED												
RYR1	p.R829Ter	NM_000540.3(RYR1):c.2485C>T (p.Arg829Ter)		FAILED												
RYR1	p.E879Ter	NM_000540.3(RYR1):c.2635G>T (p.Glu879Ter)		FAILED												
RYR1	p.W881Ter	NM_000540.3(RYR1):c.2643G>A (p.Trp881Ter)		FAILED												
RYR1	p.Q888Ter	NM_000540.3(RYR1):c.2662C>T (p.Gln888Ter)		FAILED												
RYR1	p.E946Ter	NM_000540.3(RYR1):c.2836G>T (p.Glu946Ter)		FAILED												
RYR1	p.W995Ter	NM_000540.3(RYR1):c.2984G>A (p.Trp995Ter)		FAILED												
RYR1	p.R997Ter	NM_000540.3(RYR1):c.2989C>T (p.Arg997Ter)		FAILED												
RYR1	p.D1056H	NM_000540.3(RYR1):c.3166G>C (p.Asp1056His)	0.0	SUCCESS	False	DN	DN:0.61(VUS-P) FINAL:VUS-P	0.6066666666666667	0.0	0.0	VUS-P	NOT_RUN	NOT_RUN			Highest score from DN analyzer
RYR1	p.T1162I	NM_000540.3(RYR1):c.3485C>T (p.Thr1162Ile)	0.0	SUCCESS	True	DN, LOF, GOF	DN:0.20(LB) LOF:0.18(LB) GOF:0.56(VUS-P) FINAL:VUS-P	0.2	0.18	0.563325	LB	LB	VUS-P			Highest score from GOF analyzer
RYR1	p.G1165D	NM_000540.3(RYR1):c.3494G>A (p.Gly1165Asp)	0.0	SUCCESS	False	DN	DN:0.42(VUS) FINAL:VUS	0.41888888888888887	0.0	0.0	VUS	NOT_RUN	NOT_RUN			Highest score from DN analyzer
RYR1	p.Q1219Ter	NM_000540.3(RYR1):c.3655C>T (p.Gln1219Ter)		FAILED												
RYR1	p.R1258Ter	NM_000540.3(RYR1):c.3772C>T (p.Arg1258Ter)		FAILED												
RYR1	p.P1267R	NM_000540.3(RYR1):c.3800C>G (p.Pro1267Arg)	0.0	SUCCESS	False	DN	DN:0.41(VUS) FINAL:VUS	0.4144444444444445	0.0	0.0	VUS	NOT_RUN	NOT_RUN			Highest score from DN analyzer
RYR1	p.W1276Ter	NM_000540.3(RYR1):c.3828G>A (p.Trp1276Ter)		FAILED												
RYR1	p.Q1295Ter	NM_000540.3(RYR1):c.3883C>T (p.Gln1295Ter)		FAILED												
RYR1	p.L13R	NM_000540.3(RYR1):c.38T>G (p.Leu13Arg)	0.0	SUCCESS	False	DN	DN:0.45(VUS) FINAL:VUS	0.45	0.0	0.0	VUS	NOT_RUN	NOT_RUN			Highest score from DN analyzer
RYR1	p.E1319Ter	NM_000540.3(RYR1):c.3955G>T (p.Glu1319Ter)		FAILED												
RYR1	p.Q1362Ter	NM_000540.3(RYR1):c.4083_4084delinsAT (p.Gln1362Ter)		FAILED												
RYR1	p.Y1433Ter	NM_000540.3(RYR1):c.4299T>G (p.Tyr1433Ter)		FAILED												
RYR1	p.W1448Ter	NM_000540.3(RYR1):c.4343G>A (p.Trp1448Ter)		FAILED												
RYR1	p.Y1456Ter	NM_000540.3(RYR1):c.4368C>G (p.Tyr1456Ter)		FAILED												
RYR1	p.Q1458Ter	NM_000540.3(RYR1):c.4372C>T (p.Gln1458Ter)		FAILED												
RYR1	p.Q1479Ter	NM_000540.3(RYR1):c.4435C>T (p.Gln1479Ter)		FAILED												
RYR1	p.K1487Ter	NM_000540.3(RYR1):c.4459A>T (p.Lys1487Ter)		FAILED												
RYR1	p.Q1558Ter	NM_000540.3(RYR1):c.4672C>T (p.Gln1558Ter)		FAILED												
RYR1	p.E160G	NM_000540.3(RYR1):c.479A>G (p.Glu160Gly)	0.0	SUCCESS	False	DN	DN:0.42(VUS) FINAL:VUS	0.41888888888888887	0.0	0.0	VUS	NOT_RUN	NOT_RUN			Highest score from DN analyzer
RYR1	p.Q1613Ter	NM_000540.3(RYR1):c.4837C>T (p.Gln1613Ter)		FAILED												
RYR1	p.R163C	NM_000540.3(RYR1):c.487C>T (p.Arg163Cys)	0.0	SUCCESS	False	DN	DN:0.65(VUS-P) FINAL:VUS-P	0.65	0.0	0.0	VUS-P	NOT_RUN	NOT_RUN			Highest score from DN analyzer
RYR1	p.R163L	NM_000540.3(RYR1):c.488G>T (p.Arg163Leu)	0.0	SUCCESS	False	DN	DN:0.45(VUS) FINAL:VUS	0.45	0.0	0.0	VUS	NOT_RUN	NOT_RUN			Highest score from DN analyzer
RYR1	p.E1720Ter	NM_000540.3(RYR1):c.5158G>T (p.Glu1720Ter)		FAILED												
RYR1	p.E1740Ter	NM_000540.3(RYR1):c.5218G>T (p.Glu1740Ter)		FAILED												
RYR1	p.E176D	NM_000540.3(RYR1):c.528G>T (p.Glu176Asp)	0.0	SUCCESS	True	DN, LOF, GOF	DN:0.25(LB) LOF:0.36(VUS) GOF:0.00(LB) FINAL:VUS	0.25	0.36	0.0	LB	VUS	LB			Highest score from LOF analyzer
RYR1	p.S1770Ter	NM_000540.3(RYR1):c.5309C>A (p.Ser1770Ter)		FAILED												
RYR1	p.S1778Ter	NM_000540.3(RYR1):c.5333C>A (p.Ser1778Ter)		FAILED												
RYR1	p.Q1837Ter	NM_000540.3(RYR1):c.5509C>T (p.Gln1837Ter)		FAILED												
RYR1	p.Q1901Ter	NM_000540.3(RYR1):c.5701C>T (p.Gln1901Ter)		FAILED												
RYR1	p.E1917Ter	NM_000540.3(RYR1):c.5749G>T (p.Glu1917Ter)		FAILED												
RYR1	p.Q1938Ter	NM_000540.3(RYR1):c.5812C>T (p.Gln1938Ter)		FAILED												
RYR1	p.Q1973Ter	NM_000540.3(RYR1):c.5917C>T (p.Gln1973Ter)		FAILED												
RYR1	p.E1997K	NM_000540.3(RYR1):c.5989G>A (p.Glu1997Lys)	0.0	SUCCESS	False	DN	DN:0.61(VUS-P) FINAL:VUS-P	0.6088888888888889	0.0	0.0	VUS-P	NOT_RUN	NOT_RUN			Highest score from DN analyzer
RYR1	p.R1999C	NM_000540.3(RYR1):c.5995C>T (p.Arg1999Cys)	0.0	SUCCESS	False	DN	DN:0.65(VUS-P) FINAL:VUS-P	0.65	0.0	0.0	VUS-P	NOT_RUN	NOT_RUN			Highest score from DN analyzer
RYR1	p.Q2011Ter	NM_000540.3(RYR1):c.6031C>T (p.Gln2011Ter)		FAILED												
RYR1	p.R2028Ter	NM_000540.3(RYR1):c.6082C>T (p.Arg2028Ter)		FAILED												
RYR1	p.E2078Ter	NM_000540.3(RYR1):c.6232G>T (p.Glu2078Ter)		FAILED												
RYR1	p.G215Ter	NM_000540.3(RYR1):c.643G>T (p.Gly215Ter)		FAILED												
RYR1	p.G215E	NM_000540.3(RYR1):c.644G>A (p.Gly215Glu)	0.0	SUCCESS	False	DN	DN:0.42(VUS) FINAL:VUS	0.41888888888888887	0.0	0.0	VUS	NOT_RUN	NOT_RUN			Highest score from DN analyzer
RYR1	p.R2163H	NM_000540.3(RYR1):c.6488G>A (p.Arg2163His)	0.0	SUCCESS	False	DN	DN:0.30(VUS) FINAL:VUS	0.3	0.0	0.0	VUS	NOT_RUN	NOT_RUN			Highest score from DN analyzer
RYR1	p.V2168M	NM_000540.3(RYR1):c.6502G>A (p.Val2168Met)	0.0	SUCCESS	True	DN, LOF, GOF	DN:0.15(LB) LOF:0.27(LB) GOF:0.00(LB) FINAL:LB	0.15111111111111114	0.27	0.0	LB	LB	LB			Highest score from LOF analyzer
RYR1	p.Q2173Ter	NM_000540.3(RYR1):c.6517C>T (p.Gln2173Ter)		FAILED												
RYR1	p.Q2193Ter	NM_000540.3(RYR1):c.6577C>T (p.Gln2193Ter)		FAILED												
RYR1	p.H2204Q	NM_000540.3(RYR1):c.6612C>G (p.His2204Gln)	0.0	SUCCESS	False	DN	DN:0.45(VUS) FINAL:VUS	0.44999999999999996	0.0	0.0	VUS	NOT_RUN	NOT_RUN			Highest score from DN analyzer
RYR1	p.C2237Y	NM_000540.3(RYR1):c.6710G>A (p.Cys2237Tyr)	0.0	SUCCESS	False	DN	DN:0.50(VUS-P) FINAL:VUS-P	0.5	0.0	0.0	VUS-P	NOT_RUN	NOT_RUN			Highest score from DN analyzer
RYR1	p.H2253Y	NM_000540.3(RYR1):c.6757C>T (p.His2253Tyr)	0.0	SUCCESS	False	DN	DN:0.39(VUS) FINAL:VUS	0.39222222222222225	0.0	0.0	VUS	NOT_RUN	NOT_RUN			Highest score from DN analyzer
RYR1	p.N2283H	NM_000540.3(RYR1):c.6847A>C (p.Asn2283His)	0.0	SUCCESS	False	DN	DN:0.45(VUS) FINAL:VUS	0.44999999999999996	0.0	0.0	VUS	NOT_RUN	NOT_RUN			Highest score from DN analyzer
RYR1	p.F2340L	NM_000540.3(RYR1):c.7018T>C (p.Phe2340Leu)	0.0	SUCCESS	False	DN	DN:0.30(VUS) FINAL:VUS	0.3	0.0	0.0	VUS	NOT_RUN	NOT_RUN			Highest score from DN analyzer
RYR1	p.S2345R	NM_000540.3(RYR1):c.7035C>A (p.Ser2345Arg)	0.0	SUCCESS	False	DN	DN:0.43(VUS) FINAL:VUS	0.4322222222222222	0.0	0.0	VUS	NOT_RUN	NOT_RUN			Highest score from DN analyzer
RYR1	p.A2350T	NM_000540.3(RYR1):c.7048G>A (p.Ala2350Thr)	0.0	SUCCESS	True	DN, LOF, GOF	DN:0.16(LB) LOF:0.27(LB) GOF:0.00(LB) FINAL:LB	0.15555555555555556	0.27	0.0	LB	LB	LB			Highest score from LOF analyzer
RYR1	p.V2354M	NM_000540.3(RYR1):c.7060G>A (p.Val2354Met)	0.0	SUCCESS	True	DN, LOF, GOF	DN:0.15(LB) LOF:0.27(LB) GOF:0.00(LB) FINAL:LB	0.15111111111111114	0.27	0.0	LB	LB	LB			Highest score from LOF analyzer
RYR1	p.E2362K	NM_000540.3(RYR1):c.7084G>A (p.Glu2362Lys)	0.0	SUCCESS	False	DN	DN:0.61(VUS-P) FINAL:VUS-P	0.6088888888888889	0.0	0.0	VUS-P	NOT_RUN	NOT_RUN			Highest score from DN analyzer
RYR1	p.C2363W	NM_000540.3(RYR1):c.7089C>G (p.Cys2363Trp)	0.0	SUCCESS	False	DN	DN:0.50(VUS-P) FINAL:VUS-P	0.5	0.0	0.0	VUS-P	NOT_RUN	NOT_RUN			Highest score from DN analyzer
RYR1	p.F2364V	NM_000540.3(RYR1):c.7090T>G (p.Phe2364Val)	0.0	SUCCESS	False	DN	DN:0.30(VUS) FINAL:VUS	0.3	0.0	0.0	VUS	NOT_RUN	NOT_RUN			Highest score from DN analyzer
RYR1	p.E2371K	NM_000540.3(RYR1):c.7111G>A (p.Glu2371Lys)	0.0	SUCCESS	False	DN	DN:0.61(VUS-P) FINAL:VUS-P	0.6088888888888889	0.0	0.0	VUS-P	NOT_RUN	NOT_RUN			Highest score from DN analyzer
RYR1	p.E2371G	NM_000540.3(RYR1):c.7112A>G (p.Glu2371Gly)	0.0	SUCCESS	False	DN	DN:0.42(VUS) FINAL:VUS	0.41888888888888887	0.0	0.0	VUS	NOT_RUN	NOT_RUN			Highest score from DN analyzer
RYR1	p.G2375A	NM_000540.3(RYR1):c.7124G>C (p.Gly2375Ala)	0.0	SUCCESS	False	DN	DN:0.60(VUS-P) FINAL:VUS-P	0.6	0.0	0.0	VUS-P	NOT_RUN	NOT_RUN			Highest score from DN analyzer
RYR1	p.Q240Ter	NM_000540.3(RYR1):c.718C>T (p.Gln240Ter)		FAILED												
RYR1	p.E2404Ter	NM_000540.3(RYR1):c.7210G>T (p.Glu2404Ter)		FAILED												
RYR1	p.E2413Ter	NM_000540.3(RYR1):c.7237G>T (p.Glu2413Ter)		FAILED												
RYR1	p.D2431Y	NM_000540.3(RYR1):c.7291G>T (p.Asp2431Tyr)	0.0	SUCCESS	False	DN	DN:0.48(VUS) FINAL:VUS	0.4758823529411764	0.0	0.0	VUS	NOT_RUN	NOT_RUN			Highest score from DN analyzer
RYR1	p.R2435H	NM_000540.3(RYR1):c.7304G>A (p.Arg2435His)	0.0	SUCCESS	False	DN	DN:0.30(VUS) FINAL:VUS	0.3	0.0	0.0	VUS	NOT_RUN	NOT_RUN			Highest score from DN analyzer
RYR1	p.R2435L	NM_000540.3(RYR1):c.7304G>T (p.Arg2435Leu)	0.0	SUCCESS	False	DN	DN:0.45(VUS) FINAL:VUS	0.45	0.0	0.0	VUS	NOT_RUN	NOT_RUN			Highest score from DN analyzer
RYR1	p.Q2444Ter	NM_000540.3(RYR1):c.7330C>T (p.Gln2444Ter)		FAILED												
RYR1	p.G2448D	NM_000540.3(RYR1):c.7343G>A (p.Gly2448Asp)	0.0	SUCCESS	False	DN	DN:0.42(VUS) FINAL:VUS	0.41888888888888887	0.0	0.0	VUS	NOT_RUN	NOT_RUN			Highest score from DN analyzer
RYR1	p.R2452W	NM_000540.3(RYR1):c.7354C>T (p.Arg2452Trp)	0.0	SUCCESS	False	DN	DN:0.45(VUS) FINAL:VUS	0.44999999999999996	0.0	0.0	VUS	NOT_RUN	NOT_RUN			Highest score from DN analyzer
RYR1	p.I2453T	NM_000540.3(RYR1):c.7358T>C (p.Ile2453Thr)	0.0	SUCCESS	True	DN, LOF, GOF	DN:0.20(LB) LOF:0.38(VUS) GOF:0.10(LB) FINAL:VUS	0.2	0.378	0.09910535714285713	LB	VUS	LB			Highest score from LOF analyzer
RYR1	p.Y245Ter	NM_000540.3(RYR1):c.735C>G (p.Tyr245Ter)		FAILED												
RYR1	p.L2466F	NM_000540.3(RYR1):c.7396C>T (p.Leu2466Phe)	0.0	SUCCESS	False	DN	DN:0.30(VUS) FINAL:VUS	0.3	0.0	0.0	VUS	NOT_RUN	NOT_RUN			Highest score from DN analyzer
RYR1	p.G248R	NM_000540.3(RYR1):c.742G>A (p.Gly248Arg)	0.0	SUCCESS	False	DN	DN:0.44(VUS) FINAL:VUS	0.4411111111111111	0.0	0.0	VUS	NOT_RUN	NOT_RUN			Highest score from DN analyzer
RYR1	p.G248R	NM_000540.3(RYR1):c.742G>C (p.Gly248Arg)	0.0	SUCCESS	False	DN	DN:0.44(VUS) FINAL:VUS	0.4411111111111111	0.0	0.0	VUS	NOT_RUN	NOT_RUN			Highest score from DN analyzer
RYR1	p.R2508G	NM_000540.3(RYR1):c.7522C>G (p.Arg2508Gly)	0.0	SUCCESS	False	DN	DN:0.44(VUS) FINAL:VUS	0.4411111111111111	0.0	0.0	VUS	NOT_RUN	NOT_RUN			Highest score from DN analyzer
RYR1	p.R2508C	NM_000540.3(RYR1):c.7522C>T (p.Arg2508Cys)	0.0	SUCCESS	False	DN	DN:0.65(VUS-P) FINAL:VUS-P	0.65	0.0	0.0	VUS-P	NOT_RUN	NOT_RUN			Highest score from DN analyzer
RYR1	p.R2508H	NM_000540.3(RYR1):c.7523G>A (p.Arg2508His)	0.0	SUCCESS	False	DN	DN:0.30(VUS) FINAL:VUS	0.3	0.0	0.0	VUS	NOT_RUN	NOT_RUN			Highest score from DN analyzer
RYR1	p.E2545D	NM_000540.3(RYR1):c.7635G>C (p.Glu2545Asp)	0.0	SUCCESS	True	DN, LOF, GOF	DN:0.15(LB) LOF:0.36(VUS) GOF:0.00(LB) FINAL:VUS	0.15	0.36	0.0	LB	VUS	LB			Highest score from LOF analyzer
RYR1	p.W259Ter	NM_000540.3(RYR1):c.776G>A (p.Trp259Ter)		FAILED												
RYR1	p.E262Ter	NM_000540.3(RYR1):c.784G>T (p.Glu262Ter)		FAILED												
RYR1	p.S2617Ter	NM_000540.3(RYR1):c.7850C>A (p.Ser2617Ter)		FAILED												
RYR1	p.V2627M	NM_000540.3(RYR1):c.7879G>A (p.Val2627Met)	0.0	SUCCESS	True	DN, LOF, GOF	DN:0.15(LB) LOF:0.27(LB) GOF:0.00(LB) FINAL:LB	0.15111111111111114	0.27	0.0	LB	LB	LB			Highest score from LOF analyzer
RYR1	p.W2661Ter	NM_000540.3(RYR1):c.7983G>A (p.Trp2661Ter)		FAILED												
RYR1	p.S2720Ter	NM_000540.3(RYR1):c.8159C>A (p.Ser2720Ter)		FAILED												
RYR1	p.Y289Ter	NM_000540.3(RYR1):c.867C>A (p.Tyr289Ter)		FAILED												
RYR1	p.Y2908Ter	NM_000540.3(RYR1):c.8724C>A (p.Tyr2908Ter)		FAILED												
RYR1	p.K2916Ter	NM_000540.3(RYR1):c.8746A>T (p.Lys2916Ter)		FAILED												
RYR1	p.R2920Ter	NM_000540.3(RYR1):c.8758C>T (p.Arg2920Ter)		FAILED												
RYR1	p.E2925Ter	NM_000540.3(RYR1):c.8773G>T (p.Glu2925Ter)		FAILED												
RYR1	p.L2963P	NM_000540.3(RYR1):c.8888T>C (p.Leu2963Pro)	0.0	SUCCESS	False	DN	DN:0.50(VUS-P) FINAL:VUS-P	0.5	0.0	0.0	VUS-P	NOT_RUN	NOT_RUN			Highest score from DN analyzer
RYR1	p.Q2993Ter	NM_000540.3(RYR1):c.8977C>T (p.Gln2993Ter)		FAILED												
RYR1	p.Y3016C	NM_000540.3(RYR1):c.9047A>G (p.Tyr3016Cys)	0.0	SUCCESS	False	DN	DN:0.50(VUS-P) FINAL:VUS-P	0.5	0.0	0.0	VUS-P	NOT_RUN	NOT_RUN			Highest score from DN analyzer
RYR1	p.E3104K	NM_000540.3(RYR1):c.9310G>A (p.Glu3104Lys)	0.0	SUCCESS	False	DN	DN:0.61(VUS-P) FINAL:VUS-P	0.6088888888888889	0.0	0.0	VUS-P	NOT_RUN	NOT_RUN			Highest score from DN analyzer
RYR1	p.R3167Ter	NM_000540.3(RYR1):c.9499C>T (p.Arg3167Ter)		FAILED												
RYR1	p.Y3182Ter	NM_000540.3(RYR1):c.9545dup (p.Tyr3182Ter)		FAILED												
RYR1	p.E320K	NM_000540.3(RYR1):c.958G>A (p.Glu320Lys)	0.0	SUCCESS	False	DN	DN:0.61(VUS-P) FINAL:VUS-P	0.6088888888888889	0.0	0.0	VUS-P	NOT_RUN	NOT_RUN			Highest score from DN analyzer
RYR1	p.K33E	NM_000540.3(RYR1):c.97A>G (p.Lys33Glu)	0.0	SUCCESS	False	DN	DN:0.61(VUS-P) FINAL:VUS-P	0.6088888888888889	0.0	0.0	VUS-P	NOT_RUN	NOT_RUN			Highest score from DN analyzer
RYR1	p.R328W	NM_000540.3(RYR1):c.982C>T (p.Arg328Trp)	0.0	SUCCESS	False	DN	DN:0.45(VUS) FINAL:VUS	0.44999999999999996	0.0	0.0	VUS	NOT_RUN	NOT_RUN			Highest score from DN analyzer
RYR1	p.W3284Ter	NM_000540.3(RYR1):c.9851G>A (p.Trp3284Ter)		FAILED												
RYR1	p.W3284Ter	NM_000540.3(RYR1):c.9852G>A (p.Trp3284Ter)		FAILED												
