gene	variant	variant_type	hgvs	gnomad_freq	status	clinical_sig	review_status	molecular_consequence	rcv	variation_id	clinvar_bucket	raw_dn	raw_lof	raw_gof	raw_score	raw_classification	raw_bucket	raw_vs_clinvar	adj_dn	adj_lof	adj_gof	adj_score	adj_classification	adj_bucket	adj_vs_clinvar	gene_family	dn_plausibility	lof_plausibility	gof_plausibility	phylop_score	conservation_nudge	pre_nudge_classification	atypical_flags	synergy_used	base_lof_score	stability_impact	structural_impact	functional_impact	conservation_impact	smart_multiplier	domain_multiplier	ml_proline_multiplier	explanation	review_flags
SGCG	p.V2A	missense	NC_000013.11:g.23203699T>C	0.0	SUCCESS	vus					VUS	0.5124896000000001	0.33819428571428567	0.0	0.6545398183960537	VUS	VUS	AGREE	0.25624480000000005	0.33819428571428567	0.0	0.33819428571428567	VUS	VUS	AGREE	MUSCULAR_DYSTROPHY	0.5	1.0	0.0	2.223	False	VUS	DN(weight=0.5,raw=0.51)	True	0.17142857142857143	0.4	0.0	0.0	0.5	1.0	1.2	1.0	Starting with highest filtered score: 0.338 | Applied damped conservation (multiplier: 1.00x). Score changed from 0.338 to 0.338	None
SGCG	p.R3C	missense	NC_000013.11:g.23203701C>T	0.0	SUCCESS	vus					VUS	1.438952	0.9154285714285716	0.0	1.438952	P	P	BETTER_DATA_to_pathogenic	0.719476	0.9154285714285716	0.0	1.0	LP	LP	BETTER_DATA_to_pathogenic	MUSCULAR_DYSTROPHY	0.5	1.0	0.0	1.644	False	LP	DN(weight=0.5,raw=1.44)	False	0.4285714285714286	1.0	0.0	0.0	0.8	1.0	1.2	1.0	Starting with highest filtered score: 0.915 | Applied synergy: Strong mixed mechanism synergy: LOF+DN = sqrt(0.92² + 0.72²) * 1.236 (balance 0.79, context 1.00) = 1.000 | Applied damped conservation (multiplier: 1.00x). Score changed from 1.000 to 1.000	None
SGCG	p.R3H	missense	NC_000013.11:g.23203702G>A	0.0	SUCCESS	vus					VUS	0.45908764444444444	0.16436571428571428	0.0	0.45908764444444444	VUS	VUS	AGREE	0.22954382222222222	0.16436571428571428	0.0	0.22954382222222222	LB	LB	BETTER_DATA_to_benign	MUSCULAR_DYSTROPHY	0.5	1.0	0.0	3.15	False	LB	DN(weight=0.5,raw=0.46)	False	0.08571428571428572	0.2	0.0	0.0	0.8	1.0	1.2	1.0	Starting with highest filtered score: 0.230 | Applied damped conservation (multiplier: 1.00x). Score changed from 0.230 to 0.230	None
SGCG	p.R3L	missense	NC_000013.11:g.23203702G>T	0.0	SUCCESS	vus					VUS	1.0829520000000001	0.58040058910162	0.0	1.0829520000000001	LP	LP	BETTER_DATA_to_pathogenic	0.5414760000000001	0.58040058910162	0.0	0.9418698985205074	LP	LP	BETTER_DATA_to_pathogenic	MUSCULAR_DYSTROPHY	0.5	1.0	0.0	3.15	False	LP	DN(weight=0.5,raw=1.08)	False	0.27172312223858613	0.6	0.051030927835051546	0.0	0.8	1.0	1.2	1.0	Starting with highest filtered score: 0.580 | Applied synergy: Moderate mixed mechanism synergy: LOF+DN = sqrt(0.58² + 0.54²) * 1.187 (balance 0.93, context 1.00) = 0.942 | Applied damped conservation (multiplier: 1.00x). Score changed from 0.942 to 0.942	None
SGCG	p.E4*	nonsense	NC_000013.11:g.23203704G>T	0.0	SUCCESS	pathogenic					P	0.0	0.0	0.0			NA	NA	0.0	0.0	0.0	2.0	P	P	AGREE									False									Nonsense variant (E4*): Premature protein termination - Auto-Pathogenic	
SGCG	p.E4D	missense	NC_000013.11:g.23203706G>T	0.0	SUCCESS	vus					VUS	0.40103680000000014	0.31926857142857146	0.0	0.5534128890726308	VUS	VUS	AGREE	0.20051840000000007	0.31926857142857146	0.0	0.31926857142857146	VUS	VUS	AGREE	MUSCULAR_DYSTROPHY	0.5	1.0	0.0	0.943	False	VUS	DN(weight=0.5,raw=0.40)	True	0.17142857142857143	0.4	0.0	0.0	0.8	1.0	1.2	1.0	Starting with highest filtered score: 0.319 | Applied damped conservation (multiplier: 1.00x). Score changed from 0.319 to 0.319	None
SGCG	p.Y6C	missense	NC_000013.11:g.23203711A>G	0.0	SUCCESS	vus					VUS	1.1199999999999999	0.5348571428571429	0.0	1.1199999999999999	LP	LP	BETTER_DATA_to_pathogenic	0.5599999999999999	0.5348571428571429	0.0	0.9223083657218736	P	P	BETTER_DATA_to_pathogenic	MUSCULAR_DYSTROPHY	0.5	1.0	0.0	10.885	True	LP	DN(weight=0.5,raw=1.12)	False	0.2785714285714286	0.65	0.0	0.0	0.8	1.0	1.2	1.0	Starting with highest filtered score: 0.560 | Applied synergy: Moderate mixed mechanism synergy: DN+LOF = sqrt(0.56² + 0.53²) * 1.191 (balance 0.96, context 1.00) = 0.922 | Applied damped conservation (multiplier: 1.00x). Score changed from 0.922 to 0.922	None
SGCG	p.T7A	missense	NC_000013.11:g.23203713A>G	0.0	SUCCESS	vus					VUS	0.5776782222222222	0.3785142857142857	0.5283599999999999	0.9260699671362664	LP	LP	BETTER_DATA_to_pathogenic	0.2888391111111111	0.3785142857142857	0.0	0.3785142857142857	VUS	VUS	AGREE	MUSCULAR_DYSTROPHY	0.5	1.0	0.0	2.726	False	VUS	DN(weight=0.5,raw=0.58); GOF(weight=0.0,raw=0.53)	True	0.17142857142857143	0.4	0.0	0.0	0.2	1.0	1.2	1.0	Starting with highest filtered score: 0.379 | Applied damped conservation (multiplier: 1.00x). Score changed from 0.379 to 0.379	None
SGCG	p.T7N	missense	NC_000013.11:g.23203714C>A	0.0	SUCCESS	vus					VUS	0.5271029333333334	0.33819428571428567	0.5283599999999999	0.8952355027048382	LP	LP	BETTER_DATA_to_pathogenic	0.2635514666666667	0.33819428571428567	0.0	0.33819428571428567	VUS	VUS	AGREE	MUSCULAR_DYSTROPHY	0.5	1.0	0.0	-0.995	False	VUS	DN(weight=0.5,raw=0.53); GOF(weight=0.0,raw=0.53)	True	0.17142857142857143	0.4	0.0	0.0	0.2	1.0	1.2	1.0	Starting with highest filtered score: 0.338 | Applied damped conservation (multiplier: 1.00x). Score changed from 0.338 to 0.338	None
SGCG	p.T8A	missense	NC_000013.11:g.23203716A>G	0.0	SUCCESS	vus					VUS	0.5588408888888889	0.3661714285714286	0.5283599999999999	0.9144935589867128	LP	LP	BETTER_DATA_to_pathogenic	0.27942044444444447	0.3661714285714286	0.0	0.3661714285714286	VUS-P	VUS	AGREE	MUSCULAR_DYSTROPHY	0.5	1.0	0.0	6.776	True	VUS	DN(weight=0.5,raw=0.56); GOF(weight=0.0,raw=0.53)	True	0.17142857142857143	0.4	0.0	0.0	0.2	1.0	1.2	1.0	Starting with highest filtered score: 0.366 | Applied damped conservation (multiplier: 1.00x). Score changed from 0.366 to 0.366	None
SGCG	p.G12S	missense	NC_000013.11:g.23203728G>A	0.0	SUCCESS	vus					VUS	0.26728888888888896	0.42000000000000004	0.07511000000000001	0.42000000000000004	VUS	VUS	AGREE	0.13364444444444448	0.42000000000000004	0.0	0.42000000000000004	VUS-P	VUS	AGREE	MUSCULAR_DYSTROPHY	0.5	1.0	0.0	11.489	True	VUS		False	0.35000000000000003	0.55	0.0	0.4	1.0	1.0	1.2	1.0	Starting with highest filtered score: 0.420 | Applied damped conservation (multiplier: 1.00x). Score changed from 0.420 to 0.420	None
SGCG	p.I13N	missense	NC_000013.11:g.23203732T>A	0.0	SUCCESS	vus					VUS	0.7	0.22438880706921943	0.0	0.7	VUS	VUS	AGREE	0.35	0.22438880706921943	0.0	0.35	VUS	VUS	AGREE	MUSCULAR_DYSTROPHY	0.5	1.0	0.0	2.537	False	VUS	DN(weight=0.5,raw=0.70)	False	0.18699067255768287	0.4	0.05446735395189004	0.0	0.5	1.0	1.2	1.0	Starting with highest filtered score: 0.350 | Applied damped conservation (multiplier: 1.00x). Score changed from 0.350 to 0.350	None
SGCG	p.I15T	missense	NC_000013.11:g.23203738T>C	0.0	SUCCESS	vus					VUS	0.35840000000000005	0.2057142857142857	0.0	0.35840000000000005	VUS	VUS	AGREE	0.17920000000000003	0.2057142857142857	0.0	0.2057142857142857	LB	LB	BETTER_DATA_to_benign	MUSCULAR_DYSTROPHY	0.5	1.0	0.0	4.895	False	LB		False	0.17142857142857143	0.4	0.0	0.0	0.5	1.0	1.2	1.0	Starting with highest filtered score: 0.206 | Applied damped conservation (multiplier: 1.00x). Score changed from 0.206 to 0.206	None
SGCG	p.I15M	missense	NC_000013.11:g.23203739A>G	0.0	SUCCESS	vus					VUS	0.31617777777777784	0.2057142857142857	0.0	0.31617777777777784	VUS	VUS	AGREE	0.15808888888888892	0.2057142857142857	0.0	0.2057142857142857	LB	LB	BETTER_DATA_to_benign	MUSCULAR_DYSTROPHY	0.5	1.0	0.0	0.548	False	LB		False	0.17142857142857143	0.4	0.0	0.0	0.5	1.0	1.2	1.0	Starting with highest filtered score: 0.206 | Applied damped conservation (multiplier: 1.00x). Score changed from 0.206 to 0.206	None
SGCG	p.E16Q	missense	NC_000013.11:g.23203740G>C	0.0	SUCCESS	vus					VUS	0.6	0.2057142857142857	0.0	0.6	VUS	VUS	AGREE	0.3	0.2057142857142857	0.0	0.3	VUS-P	VUS	AGREE	MUSCULAR_DYSTROPHY	0.5	1.0	0.0	5.378	True	VUS	DN(weight=0.5,raw=0.60)	False	0.17142857142857143	0.4	0.0	0.0	0.8	1.0	1.2	1.0	Starting with highest filtered score: 0.300 | Applied damped conservation (multiplier: 1.00x). Score changed from 0.300 to 0.300	None
SGCG	p.E19D	missense	NC_000013.11:g.23203751G>T	0.0	SUCCESS	vus					VUS	0.2584000000000001	0.2057142857142857	0.0	0.2584000000000001	VUS	VUS	AGREE	0.12920000000000004	0.2057142857142857	0.0	0.2057142857142857	LB	LB	BETTER_DATA_to_benign	MUSCULAR_DYSTROPHY	0.5	1.0	0.0	1.987	False	LB		False	0.17142857142857143	0.4	0.0	0.0	0.8	1.0	1.2	1.0	Starting with highest filtered score: 0.206 | Applied damped conservation (multiplier: 1.00x). Score changed from 0.206 to 0.206	None
SGCG	p.N20D	missense	NC_000013.11:g.23203752A>G	0.0	SUCCESS	other					NA	0.8	0.2057142857142857	0.0	0.8	LP	LP	NA	0.4	0.2057142857142857	0.0	0.4	VUS-P	VUS	NA	MUSCULAR_DYSTROPHY	0.5	1.0	0.0	7.449	True	VUS	DN(weight=0.5,raw=0.80)	False	0.17142857142857143	0.4	0.0	0.0	0.5	1.0	1.2	1.0	Starting with highest filtered score: 0.400 | Applied damped conservation (multiplier: 1.00x). Score changed from 0.400 to 0.400	None
SGCG	p.Q21*	nonsense	NC_000013.11:g.23203755C>T	0.0	SUCCESS	pathogenic					P	0.0	0.0	0.0			NA	NA	0.0	0.0	0.0	2.0	P	P	AGREE									False									Nonsense variant (Q21*): Premature protein termination - Auto-Pathogenic	
SGCG	p.Y22*	nonsense	NC_000013.11:g.23203760T>A	0.0	SUCCESS	vus					VUS	0.0	0.0	0.0			NA	NA	0.0	0.0	0.0	2.0	P	P	BETTER_DATA_to_pathogenic									False									Nonsense variant (Y22*): Premature protein termination - Auto-Pathogenic	
SGCG	p.I26T	missense	NC_000013.11:g.23203771T>C	0.0	SUCCESS	vus					VUS	0.35840000000000005	0.2262857142857143	0.0	0.35840000000000005	VUS	VUS	AGREE	0.17920000000000003	0.2262857142857143	0.0	0.2262857142857143	VUS	VUS	AGREE	MUSCULAR_DYSTROPHY	0.5	1.0	0.0	7.668	True	LB		False	0.17142857142857143	0.4	0.0	0.0	0.5	1.1	1.2	1.0	Starting with highest filtered score: 0.226 | Applied damped conservation (multiplier: 1.00x). Score changed from 0.226 to 0.226	None
SGCG	p.I28L	missense	NC_000013.11:g.23203776A>C	0.0	SUCCESS	vus					VUS	0.2739555555555556	0.2262857142857143	0.0	0.2739555555555556	VUS	VUS	AGREE	0.1369777777777778	0.2262857142857143	0.0	0.2262857142857143	VUS	VUS	AGREE	MUSCULAR_DYSTROPHY	0.5	1.0	0.0	6.762	True	LB		False	0.17142857142857143	0.4	0.0	0.0	0.5	1.1	1.2	1.0	Starting with highest filtered score: 0.226 | Applied damped conservation (multiplier: 1.00x). Score changed from 0.226 to 0.226	None
SGCG	p.I28M	missense	NC_000013.11:g.23203778T>G	0.0	SUCCESS	vus					VUS	0.31617777777777784	0.2262857142857143	0.0	0.31617777777777784	VUS	VUS	AGREE	0.15808888888888892	0.2262857142857143	0.0	0.2262857142857143	LB	LB	BETTER_DATA_to_benign	MUSCULAR_DYSTROPHY	0.5	1.0	0.0	0.118	False	LB		False	0.17142857142857143	0.4	0.0	0.0	0.5	1.1	1.2	1.0	Starting with highest filtered score: 0.226 | Applied damped conservation (multiplier: 1.00x). Score changed from 0.226 to 0.226	None
SGCG	p.Y29C	missense	NC_000013.11:g.23203780A>G	0.0	SUCCESS	vus					VUS	0.5428444444444445	0.3342857142857143	0.30452500000000005	0.6767747984090557	VUS	VUS	AGREE	0.27142222222222223	0.3342857142857143	0.0	0.3342857142857143	VUS-P	VUS	AGREE	MUSCULAR_DYSTROPHY	0.5	1.0	0.0	10.892	True	VUS	DN(weight=0.5,raw=0.54)	True	0.2785714285714286	0.65	0.0	0.0	0.8	1.0	1.2	1.0	Starting with highest filtered score: 0.334 | Applied damped conservation (multiplier: 1.00x). Score changed from 0.334 to 0.334	None
SGCG	p.Y29*	nonsense	NC_000013.11:g.23203781T>A	0.0	SUCCESS	pathogenic					P	0.0	0.0	0.0			NA	NA	0.0	0.0	0.0	2.0	P	P	AGREE									False									Nonsense variant (Y29*): Premature protein termination - Auto-Pathogenic	
SGCG	p.W31*	nonsense	NC_000013.11:g.23203786G>A	0.0	SUCCESS	pathogenic					P	0.0	0.0	0.0			NA	NA	0.0	0.0	0.0	2.0	P	P	AGREE									False									Nonsense variant (W31*): Premature protein termination - Auto-Pathogenic	
SGCG	p.R32K	missense	NC_000013.11:g.23203789G>A	0.0	SUCCESS	vus					VUS	0.2717333333333334	0.10285714285714286	0.0	0.2717333333333334	VUS	VUS	AGREE	0.1358666666666667	0.10285714285714286	0.0	0.1358666666666667	VUS	VUS	AGREE	MUSCULAR_DYSTROPHY	0.5	1.0	0.0	11.489	True	B		False	0.08571428571428572	0.2	0.0	0.0	0.8	1.0	1.2	1.0	Starting with highest filtered score: 0.136 | Applied damped conservation (multiplier: 1.00x). Score changed from 0.136 to 0.136 | Conservation floor: phyloP 11.5 ≥ 5.0 at ultra-conserved position — clamped LB → VUS	None
SGCG	p.R34C	missense	NC_000013.11:g.23203794C>T	0.0	SUCCESS	vus					VUS	0.8084	0.5142857142857143	0.0	1.0	LP	LP	BETTER_DATA_to_pathogenic	0.4042	0.5142857142857143	0.0	0.7055256317164044	VUS-P	VUS	AGREE	MUSCULAR_DYSTROPHY	0.5	1.0	0.0	7.457	True	VUS	DN(weight=0.5,raw=0.81)	True	0.4285714285714286	1.0	0.0	0.0	0.8	1.0	1.2	1.0	Starting with highest filtered score: 0.514 | Applied synergy: Weak mixed mechanism synergy: LOF+DN = sqrt(0.51² + 0.40²) * 1.079 (balance 0.79, context 1.00) = 0.706 | Applied damped conservation (multiplier: 1.00x). Score changed from 0.706 to 0.706	None
SGCG	p.R34H	missense	NC_000013.11:g.23203795G>A	0.0	SUCCESS	other					NA	0.2872888888888889	0.10285714285714286	0.0	0.2872888888888889	VUS	VUS	NA	0.14364444444444446	0.10285714285714286	0.0	0.14364444444444446	VUS	VUS	NA	MUSCULAR_DYSTROPHY	0.5	1.0	0.0	11.489	True	B		False	0.08571428571428572	0.2	0.0	0.0	0.8	1.0	1.2	1.0	Starting with highest filtered score: 0.144 | Applied damped conservation (multiplier: 1.00x). Score changed from 0.144 to 0.144 | Conservation floor: phyloP 11.5 ≥ 5.0 at ultra-conserved position — clamped LB → VUS	None
SGCG	p.C35*	nonsense	NC_000013.11:g.23203799T>A	0.0	SUCCESS	pathogenic					P	0.0	0.0	0.0			NA	NA	0.0	0.0	0.0	2.0	P	P	AGREE									False									Nonsense variant (C35*): Premature protein termination - Auto-Pathogenic	
SGCG	p.F39L	missense	NC_000013.11:g.23203811T>A	0.0	SUCCESS	vus					VUS	0.47425155555555565	0.34765714285714283	0.19760000000000003	0.6311370928998699	VUS	VUS	AGREE	0.23712577777777782	0.34765714285714283	0.0	0.34765714285714283	VUS	VUS	AGREE	MUSCULAR_DYSTROPHY	0.5	1.0	0.0	-1.645	False	VUS	DN(weight=0.5,raw=0.47)	True	0.17142857142857143	0.4	0.0	0.0	0.8	1.0	1.2	1.0	Starting with highest filtered score: 0.348 | Applied damped conservation (multiplier: 1.00x). Score changed from 0.348 to 0.348	None
SGCG	p.F39L	missense	NC_000013.11:g.23203811T>G	0.0	SUCCESS	vus					VUS	0.47425155555555565	0.34765714285714283	0.19760000000000003	0.6311370928998699	VUS	VUS	AGREE	0.23712577777777782	0.34765714285714283	0.0	0.34765714285714283	VUS	VUS	AGREE	MUSCULAR_DYSTROPHY	0.5	1.0	0.0	-1.645	False	VUS	DN(weight=0.5,raw=0.47)	True	0.17142857142857143	0.4	0.0	0.0	0.8	1.0	1.2	1.0	Starting with highest filtered score: 0.348 | Applied damped conservation (multiplier: 1.00x). Score changed from 0.348 to 0.348	None
SGCG	p.V40L	missense	NC_000013.11:g.23203812G>C	0.0	SUCCESS	vus					VUS	0.46708733333333347	0.3594857142857143	0.0	0.6347696426325621	VUS	VUS	AGREE	0.23354366666666673	0.3594857142857143	0.0	0.3594857142857143	VUS-P	VUS	AGREE	MUSCULAR_DYSTROPHY	0.5	1.0	0.0	11.464	True	VUS	DN(weight=0.5,raw=0.47)	True	0.17142857142857143	0.4	0.0	0.0	0.5	1.0	1.2	1.0	Starting with highest filtered score: 0.359 | Applied damped conservation (multiplier: 1.00x). Score changed from 0.359 to 0.359	None
SGCG	p.L42V	missense	NC_000013.11:g.23203818C>G	0.0	SUCCESS	vus					VUS	0.49782555555555563	0.3831428571428571	0.0	0.6765427521620297	VUS	VUS	AGREE	0.24891277777777782	0.3831428571428571	0.0	0.3831428571428571	VUS-P	VUS	AGREE	MUSCULAR_DYSTROPHY	0.5	1.0	0.0	5.754	True	VUS	DN(weight=0.5,raw=0.50)	True	0.17142857142857143	0.4	0.0	0.0	0.5	1.0	1.2	1.0	Starting with highest filtered score: 0.383 | Applied damped conservation (multiplier: 1.00x). Score changed from 0.383 to 0.383	None
SGCG	p.L43*	nonsense	NC_000013.11:g.23203822T>A	0.0	SUCCESS	pathogenic					P	0.0	0.0	0.0			NA	NA	0.0	0.0	0.0	2.0	P	P	AGREE									False									Nonsense variant (L43*): Premature protein termination - Auto-Pathogenic	
SGCG	p.I46S	missense	NC_000013.11:g.23203831T>G	0.0	SUCCESS	vus					VUS	0.37600000000000006	0.22827687776141387	0.1270285714285714	0.37600000000000006	VUS	VUS	AGREE	0.18800000000000003	0.22827687776141387	0.0	0.22827687776141387	LB	LB	BETTER_DATA_to_benign	MUSCULAR_DYSTROPHY	0.5	1.0	0.0	2.558	False	LB		False	0.1902307314678449	0.4	0.06580756013745705	0.0	0.5	1.0	1.2	1.0	Starting with highest filtered score: 0.228 | Applied damped conservation (multiplier: 1.00x). Score changed from 0.228 to 0.228	None
SGCG	p.V48I	missense	NC_000013.11:g.23203836G>A	0.0	SUCCESS	vus					VUS	0.28266666666666673	0.10285714285714286	0.0	0.28266666666666673	VUS	VUS	AGREE	0.14133333333333337	0.10285714285714286	0.0	0.14133333333333337	B	B	BETTER_DATA_to_benign	MUSCULAR_DYSTROPHY	0.5	1.0	0.0	3.54	False	B		False	0.08571428571428572	0.2	0.0	0.0	0.5	1.0	1.2	1.0	Starting with highest filtered score: 0.141 | Applied damped conservation (multiplier: 1.00x). Score changed from 0.141 to 0.141	None
SGCG	p.V48L	missense	NC_000013.11:g.23203836G>C	0.0	SUCCESS	vus					VUS	0.28488888888888897	0.2057142857142857	0.0	0.28488888888888897	VUS	VUS	AGREE	0.14244444444444448	0.2057142857142857	0.0	0.2057142857142857	LB	LB	BETTER_DATA_to_benign	MUSCULAR_DYSTROPHY	0.5	1.0	0.0	3.54	False	LB		False	0.17142857142857143	0.4	0.0	0.0	0.5	1.0	1.2	1.0	Starting with highest filtered score: 0.206 | Applied damped conservation (multiplier: 1.00x). Score changed from 0.206 to 0.206	None
SGCG	p.N50K	missense	NC_000013.11:g.23203844T>A	0.0	SUCCESS	vus					VUS	0.534888888888889	0.2057142857142857	0.0	0.534888888888889	VUS	VUS	AGREE	0.2674444444444445	0.2057142857142857	0.0	0.2674444444444445	VUS	VUS	AGREE	MUSCULAR_DYSTROPHY	0.5	1.0	0.0	-0.201	False	VUS	DN(weight=0.5,raw=0.53)	False	0.17142857142857143	0.4	0.0	0.0	0.5	1.0	1.2	1.0	Starting with highest filtered score: 0.267 | Applied damped conservation (multiplier: 1.00x). Score changed from 0.267 to 0.267	None
SGCG	p.L53F	missense	NC_000013.11:g.23203851C>T	0.0	SUCCESS	vus					VUS	0.2982222222222223	0.2057142857142857	0.09880000000000001	0.2982222222222223	VUS	VUS	AGREE	0.14911111111111114	0.2057142857142857	0.0	0.2057142857142857	VUS	VUS	AGREE	MUSCULAR_DYSTROPHY	0.5	1.0	0.0	5.763	True	LB		False	0.17142857142857143	0.4	0.0	0.0	0.5	1.0	1.2	1.0	Starting with highest filtered score: 0.206 | Applied damped conservation (multiplier: 1.00x). Score changed from 0.206 to 0.206	None
SGCG	p.L53P	missense	NC_000013.11:g.23203852T>C	0.0	SUCCESS	pathogenic					P	0.6260000000000001	0.3085714285714286	0.25796571428571435	0.732322263904666	VUS	VUS	CAUTIOUS	0.31300000000000006	0.3085714285714286	0.0	0.4828595005996277	VUS-P	VUS	CAUTIOUS	MUSCULAR_DYSTROPHY	0.5	1.0	0.0	7.652	True	VUS	DN(weight=0.5,raw=0.63)	True	0.2571428571428572	0.6000000000000001	0.0	0.0	0.5	1.0	1.2	0.9900000000000001	Starting with highest filtered score: 0.313 | Applied synergy: Weak mixed mechanism synergy: DN+LOF = sqrt(0.31² + 0.31²) * 1.099 (balance 0.99, context 1.00) = 0.483 | Applied damped conservation (multiplier: 1.00x). Score changed from 0.483 to 0.483	None
SGCG	p.T54K	missense	NC_000013.11:g.23203855C>A	0.0	SUCCESS	vus					VUS	0.5971111111111111	0.2057142857142857	0.38137499999999996	0.7537641633483776	VUS	VUS	AGREE	0.2985555555555556	0.2057142857142857	0.0	0.2985555555555556	VUS-P	VUS	AGREE	MUSCULAR_DYSTROPHY	0.5	1.0	0.0	7.442	True	VUS	DN(weight=0.5,raw=0.60)	True	0.17142857142857143	0.4	0.0	0.0	0.2	1.0	1.2	1.0	Starting with highest filtered score: 0.299 | Applied damped conservation (multiplier: 1.00x). Score changed from 0.299 to 0.299	None
SGCG	p.T54R	missense	NC_000013.11:g.23203855C>G	0.0	SUCCESS	vus					VUS	0.6104444444444446	0.2057142857142857	0.408375	0.7835801399646848	LP	LP	BETTER_DATA_to_pathogenic	0.3052222222222223	0.2057142857142857	0.0	0.3052222222222223	VUS-P	VUS	AGREE	MUSCULAR_DYSTROPHY	0.5	1.0	0.0	7.442	True	VUS	DN(weight=0.5,raw=0.61); GOF(weight=0.0,raw=0.41)	True	0.17142857142857143	0.4	0.0	0.0	0.2	1.0	1.2	1.0	Starting with highest filtered score: 0.305 | Applied damped conservation (multiplier: 1.00x). Score changed from 0.305 to 0.305	None
SGCG	p.I55S	missense	NC_000013.11:g.23203858T>G	0.0	SUCCESS	vus					VUS	0.7	0.22933726067746685	0.11203214285714286	0.7	VUS	VUS	AGREE	0.35	0.22933726067746685	0.0	0.35	VUS-P	VUS	AGREE	MUSCULAR_DYSTROPHY	0.5	1.0	0.0	5.959	True	VUS	DN(weight=0.5,raw=0.70)	False	0.19111438389788904	0.4	0.06890034364261169	0.0	0.5	1.0	1.2	1.0	Starting with highest filtered score: 0.350 | Applied damped conservation (multiplier: 1.00x). Score changed from 0.350 to 0.350	None
SGCG	p.W56*	nonsense	NC_000013.11:g.23203861G>A	0.0	SUCCESS	pathogenic					P	0.0	0.0	0.0			NA	NA	0.0	0.0	0.0	2.0	P	P	AGREE									False									Nonsense variant (W56*): Premature protein termination - Auto-Pathogenic	
SGCG	p.L58I	missense	NC_000013.11:g.23203866C>A	0.0	SUCCESS	vus					VUS	0.2915555555555556	0.2057142857142857	0.0	0.2915555555555556	VUS	VUS	AGREE	0.1457777777777778	0.2057142857142857	0.0	0.2057142857142857	LB	LB	BETTER_DATA_to_benign	MUSCULAR_DYSTROPHY	0.5	1.0	0.0	4.677	False	LB		False	0.17142857142857143	0.4	0.0	0.0	0.5	1.0	1.2	1.0	Starting with highest filtered score: 0.206 | Applied damped conservation (multiplier: 1.00x). Score changed from 0.206 to 0.206	None
SGCG	p.M61L	missense	NC_000013.11:g.23203875A>T	0.0	SUCCESS	vus					VUS	0.3182222222222223	0.2057142857142857	0.0	0.3182222222222223	VUS	VUS	AGREE	0.15911111111111115	0.2057142857142857	0.0	0.2057142857142857	VUS	VUS	AGREE	MUSCULAR_DYSTROPHY	0.5	1.0	0.0	10.87	True	LB		False	0.17142857142857143	0.4	0.0	0.0	0.5	1.0	1.2	1.0	Starting with highest filtered score: 0.206 | Applied damped conservation (multiplier: 1.00x). Score changed from 0.206 to 0.206	None
SGCG	p.M61I	missense	NC_000013.11:g.23203877G>A	0.0	SUCCESS	vus					VUS	0.33377777777777784	0.2057142857142857	0.0	0.33377777777777784	VUS	VUS	AGREE	0.16688888888888892	0.2057142857142857	0.0	0.2057142857142857	VUS	VUS	AGREE	MUSCULAR_DYSTROPHY	0.5	1.0	0.0	11.466	True	LB		False	0.17142857142857143	0.4	0.0	0.0	0.5	1.0	1.2	1.0	Starting with highest filtered score: 0.206 | Applied damped conservation (multiplier: 1.00x). Score changed from 0.206 to 0.206	None
SGCG	p.W62*	nonsense	NC_000013.11:g.23203880G>A	0.0	SUCCESS	pathogenic					P	0.0	0.0	0.0			NA	NA	0.0	0.0	0.0	2.0	P	P	AGREE									False									Nonsense variant (W62*): Premature protein termination - Auto-Pathogenic	
SGCG	p.S64P	missense	NC_000013.11:g.23203884T>C	0.0	SUCCESS	vus					VUS	0.58309518948453	0.3826215022091311	0.65415735	1.0	LP	LP	BETTER_DATA_to_pathogenic	0.291547594742265	0.3826215022091311	0.0	0.3826215022091311	VUS-P	VUS	AGREE	MUSCULAR_DYSTROPHY	0.5	1.0	0.0	7.652	True	VUS	DN(weight=0.5,raw=0.58); GOF(weight=0.0,raw=0.65)	True	0.3188512518409426	0.6000000000000001	0.21597938144329895	0.0	0.2	1.0	1.2	0.9900000000000001	Starting with highest filtered score: 0.383 | Applied damped conservation (multiplier: 1.00x). Score changed from 0.383 to 0.383	None
SGCG	p.A66E	missense	NC_000013.11:g.23234612C>A	0.0	SUCCESS	vus					VUS	1.0	0.3085714285714286	0.0	1.0	LP	LP	BETTER_DATA_to_pathogenic	0.5	0.3085714285714286	0.0	0.6238114248448249	VUS	VUS	AGREE	MUSCULAR_DYSTROPHY	0.5	1.0	0.0	0.363	False	VUS	DN(weight=0.5,raw=1.00)	False	0.2571428571428572	0.6	0.0	0.0	0.5	1.0	1.2	1.0	Starting with highest filtered score: 0.500 | Applied synergy: Weak mixed mechanism synergy: DN+LOF = sqrt(0.50² + 0.31²) * 1.062 (balance 0.62, context 1.00) = 0.624 | Applied damped conservation (multiplier: 1.00x). Score changed from 0.624 to 0.624	None
SGCG	p.G67R	missense	NC_000013.11:g.23234614G>A	0.0	SUCCESS	vus					VUS	0.6171111111111112	0.5228571428571428	0.0	0.9458886170103448	LP	LP	BETTER_DATA_to_pathogenic	0.3085555555555556	0.5228571428571428	0.0	0.642940713728979	VUS-P	VUS	AGREE	MUSCULAR_DYSTROPHY	0.5	1.0	0.0	11.687	True	VUS	DN(weight=0.5,raw=0.62)	True	0.4357142857142857	0.75	0.0	0.4	1.0	1.0	1.2	1.0	Starting with highest filtered score: 0.523 | Applied synergy: Weak mixed mechanism synergy: LOF+DN = sqrt(0.52² + 0.31²) * 1.059 (balance 0.59, context 1.00) = 0.643 | Applied damped conservation (multiplier: 1.00x). Score changed from 0.643 to 0.643	None
SGCG	p.G69R	missense	NC_000013.11:g.23234620G>C	0.0	SUCCESS	pathogenic					P	0.8	0.5228571428571428	0.0	1.0	LP	LP	AGREE	0.4	0.5228571428571428	0.0	0.7086786750486334	VUS-P	VUS	CAUTIOUS	MUSCULAR_DYSTROPHY	0.5	1.0	0.0	11.683	True	VUS	DN(weight=0.5,raw=0.80)	True	0.4357142857142857	0.75	0.0	0.4	1.0	1.0	1.2	1.0	Starting with highest filtered score: 0.523 | Applied synergy: Weak mixed mechanism synergy: LOF+DN = sqrt(0.52² + 0.40²) * 1.077 (balance 0.77, context 1.00) = 0.709 | Applied damped conservation (multiplier: 1.00x). Score changed from 0.709 to 0.709	None
SGCG	p.H70P	missense	NC_000013.11:g.23234624A>C	0.0	SUCCESS	vus					VUS	0.8115555555555556	0.3847422680412372	0.55784025	1.0	LP	LP	BETTER_DATA_to_pathogenic	0.4057777777777778	0.3847422680412372	0.0	0.6121991588005191	VUS-P	VUS	AGREE	MUSCULAR_DYSTROPHY	0.5	1.0	0.0	9.208	True	VUS	DN(weight=0.5,raw=0.81); GOF(weight=0.0,raw=0.56)	True	0.320618556701031	0.6000000000000001	0.22216494845360826	0.0	0.8	1.0	1.2	0.9900000000000001	Starting with highest filtered score: 0.406 | Applied synergy: Weak mixed mechanism synergy: DN+LOF = sqrt(0.41² + 0.38²) * 1.095 (balance 0.95, context 1.00) = 0.612 | Applied damped conservation (multiplier: 1.00x). Score changed from 0.612 to 0.612	None
SGCG	p.L71S	missense	NC_000013.11:g.23234627T>C	0.0	SUCCESS	other					NA	0.37600000000000006	0.23122238586156113	0.0	0.37600000000000006	VUS	VUS	NA	0.18800000000000003	0.23122238586156113	0.0	0.23122238586156113	VUS	VUS	NA	MUSCULAR_DYSTROPHY	0.5	1.0	0.0	7.795	True	LB		False	0.19268532155130094	0.4	0.07439862542955326	0.0	0.5	1.0	1.2	1.0	Starting with highest filtered score: 0.231 | Applied damped conservation (multiplier: 1.00x). Score changed from 0.231 to 0.231	None
SGCG	p.C72*	nonsense	NC_000013.11:g.23234631T>A	0.0	SUCCESS	pathogenic					P	0.0	0.0	0.0			NA	NA	0.0	0.0	0.0	2.0	P	P	AGREE									False									Nonsense variant (C72*): Premature protein termination - Auto-Pathogenic	
SGCG	p.V73I	missense	NC_000013.11:g.23234632G>A	0.0	SUCCESS	vus					VUS	0.28266666666666673	0.10285714285714286	0.0	0.28266666666666673	VUS	VUS	AGREE	0.14133333333333337	0.10285714285714286	0.0	0.14133333333333337	VUS	VUS	AGREE	MUSCULAR_DYSTROPHY	0.5	1.0	0.0	9.795	True	B		False	0.08571428571428572	0.2	0.0	0.0	0.5	1.0	1.2	1.0	Starting with highest filtered score: 0.141 | Applied damped conservation (multiplier: 1.00x). Score changed from 0.141 to 0.141 | Conservation floor: phyloP 9.8 ≥ 5.0 at ultra-conserved position — clamped LB → VUS	None
SGCG	p.K75E	missense	NC_000013.11:g.23234638A>G	0.0	SUCCESS	vus					VUS	0.784888888888889	0.2057142857142857	0.4428	0.9520188868236845	LP	LP	BETTER_DATA_to_pathogenic	0.3924444444444445	0.2057142857142857	0.0	0.3924444444444445	VUS	VUS	AGREE	MUSCULAR_DYSTROPHY	0.5	1.0	0.0	-0.094	False	VUS	DN(weight=0.5,raw=0.78); GOF(weight=0.0,raw=0.44)	True	0.17142857142857143	0.4	0.0	0.0	0.8	1.0	1.2	1.0	Starting with highest filtered score: 0.392 | Applied damped conservation (multiplier: 1.00x). Score changed from 0.392 to 0.392	None
SGCG	p.G77R	missense	NC_000013.11:g.23234644G>A	0.0	SUCCESS	vus					VUS	0.6171111111111112	0.732	0.0	1.0	LP	LP	BETTER_DATA_to_pathogenic	0.3085555555555556	0.732	0.0	0.8278590834433283	P	P	BETTER_DATA_to_pathogenic	MUSCULAR_DYSTROPHY	0.5	1.0	0.0	11.683	True	LP	DN(weight=0.5,raw=0.62)	True	0.4357142857142857	0.75	0.0	0.4	1.0	1.4	1.2	1.0	Starting with highest filtered score: 0.732 | Applied synergy: Weak mixed mechanism synergy: LOF+DN = sqrt(0.73² + 0.31²) * 1.042 (balance 0.42, context 1.00) = 0.828 | Applied damped conservation (multiplier: 1.00x). Score changed from 0.828 to 0.828	None
SGCG	p.G77A	missense	NC_000013.11:g.23234645G>C	0.0	SUCCESS	vus					VUS	0.32488888888888895	0.5880000000000001	0.0	0.7089046175469891	VUS	VUS	AGREE	0.16244444444444447	0.5880000000000001	0.0	0.5880000000000001	VUS-P	VUS	AGREE	MUSCULAR_DYSTROPHY	0.5	1.0	0.0	9.788	True	VUS		True	0.35000000000000003	0.55	0.0	0.4	1.0	1.4	1.2	1.0	Starting with highest filtered score: 0.588 | Applied damped conservation (multiplier: 1.00x). Score changed from 0.588 to 0.588	None
SGCG	p.L78P	missense	NC_000013.11:g.23234648T>C	0.0	SUCCESS	vus					VUS	0.6260000000000001	0.43200000000000005	0.18046285714285715	0.8130800041708918	LP	LP	BETTER_DATA_to_pathogenic	0.31300000000000006	0.43200000000000005	0.0	0.5721246506664954	VUS-P	VUS	AGREE	MUSCULAR_DYSTROPHY	0.5	1.0	0.0	7.795	True	VUS	DN(weight=0.5,raw=0.63)	True	0.2571428571428572	0.6000000000000001	0.0	0.0	0.5	1.4	1.2	0.9900000000000001	Starting with highest filtered score: 0.432 | Applied synergy: Weak mixed mechanism synergy: LOF+DN = sqrt(0.43² + 0.31²) * 1.072 (balance 0.72, context 1.00) = 0.572 | Applied damped conservation (multiplier: 1.00x). Score changed from 0.572 to 0.572	None
SGCG	p.R79C	missense	NC_000013.11:g.23234650C>T	0.0	SUCCESS	vus					VUS	0.8260000000000001	0.72	0.0	1.0	LP	LP	BETTER_DATA_to_pathogenic	0.41300000000000003	0.72	0.0	0.8776536716739679	LP	LP	BETTER_DATA_to_pathogenic	MUSCULAR_DYSTROPHY	0.5	1.0	0.0	1.764	False	LP	DN(weight=0.5,raw=0.83)	True	0.4285714285714286	1.0	0.0	0.0	0.8	1.4	1.2	1.0	Starting with highest filtered score: 0.720 | Applied synergy: Weak mixed mechanism synergy: LOF+DN = sqrt(0.72² + 0.41²) * 1.057 (balance 0.57, context 1.00) = 0.878 | Applied damped conservation (multiplier: 1.00x). Score changed from 0.878 to 0.878	None
SGCG	p.R79H	missense	NC_000013.11:g.23234651G>A	0.0	SUCCESS	vus					VUS	0.30488888888888893	0.144	0.0	0.30488888888888893	VUS	VUS	AGREE	0.15244444444444447	0.144	0.0	0.15244444444444447	B	B	BETTER_DATA_to_benign	MUSCULAR_DYSTROPHY	0.5	1.0	0.0	1.024	False	B		False	0.08571428571428572	0.2	0.0	0.0	0.8	1.4	1.2	1.0	Starting with highest filtered score: 0.152 | Applied damped conservation (multiplier: 1.00x). Score changed from 0.152 to 0.152	None
SGCG	p.G82R	missense	NC_000013.11:g.23234659G>C	0.0	SUCCESS	vus					VUS	0.6171111111111112	0.732	0.0	1.0	LP	LP	BETTER_DATA_to_pathogenic	0.3085555555555556	0.732	0.0	0.8278590834433283	P	P	BETTER_DATA_to_pathogenic	MUSCULAR_DYSTROPHY	0.5	1.0	0.0	11.683	True	LP	DN(weight=0.5,raw=0.62)	True	0.4357142857142857	0.75	0.0	0.4	1.0	1.4	1.2	1.0	Starting with highest filtered score: 0.732 | Applied synergy: Weak mixed mechanism synergy: LOF+DN = sqrt(0.73² + 0.31²) * 1.042 (balance 0.42, context 1.00) = 0.828 | Applied damped conservation (multiplier: 1.00x). Score changed from 0.828 to 0.828	None
SGCG	p.E83*	nonsense	NC_000013.11:g.23234662G>T	0.0	SUCCESS	pathogenic					P	0.0	0.0	0.0			NA	NA	0.0	0.0	0.0	2.0	P	P	AGREE									False									Nonsense variant (E83*): Premature protein termination - Auto-Pathogenic	
SGCG	p.S84T	missense	NC_000013.11:g.23234665T>A	0.0	SUCCESS	vus					VUS	0.27822222222222226	0.288	0.0	0.288	VUS	VUS	AGREE	0.13911111111111113	0.288	0.0	0.288	VUS-P	VUS	AGREE	MUSCULAR_DYSTROPHY	0.5	1.0	0.0	7.795	True	VUS		False	0.17142857142857143	0.4	0.0	0.0	0.2	1.4	1.2	1.0	Starting with highest filtered score: 0.288 | Applied damped conservation (multiplier: 1.00x). Score changed from 0.288 to 0.288	None
SGCG	p.S84*	nonsense	NC_000013.11:g.23234666C>G	0.0	SUCCESS	pathogenic					P	0.0	0.0	0.0			NA	NA	0.0	0.0	0.0	2.0	P	P	AGREE									False									Nonsense variant (S84*): Premature protein termination - Auto-Pathogenic	
SGCG	p.F86V	missense	NC_000013.11:g.23234671T>G	0.0	SUCCESS	vus					VUS	0.30711111111111117	0.2057142857142857	0.18620000000000003	0.30711111111111117	VUS	VUS	AGREE	0.15355555555555558	0.2057142857142857	0.0	0.2057142857142857	VUS	VUS	AGREE	MUSCULAR_DYSTROPHY	0.5	1.0	0.0	7.795	True	LB		False	0.17142857142857143	0.4	0.0	0.0	0.8	1.0	1.2	1.0	Starting with highest filtered score: 0.206 | Applied damped conservation (multiplier: 1.00x). Score changed from 0.206 to 0.206	None
SGCG	p.L87*	nonsense	NC_000013.11:g.23234675T>A	0.0	SUCCESS	pathogenic					P	0.0	0.0	0.0			NA	NA	0.0	0.0	0.0	2.0	P	P	AGREE									False									Nonsense variant (L87*): Premature protein termination - Auto-Pathogenic	
SGCG	p.L87*	nonsense	NC_000013.11:g.23234675T>G	0.0	SUCCESS	pathogenic					P	0.0	0.0	0.0			NA	NA	0.0	0.0	0.0	2.0	P	P	AGREE									False									Nonsense variant (L87*): Premature protein termination - Auto-Pathogenic	
SGCG	p.L90S	missense	NC_000013.11:g.23234684T>C	0.0	SUCCESS	other					NA	0.7	0.23346097201767302	0.0	0.7	VUS	VUS	NA	0.35	0.23346097201767302	0.0	0.35	VUS-P	VUS	NA	MUSCULAR_DYSTROPHY	0.5	1.0	0.0	7.795	True	VUS	DN(weight=0.5,raw=0.70)	False	0.19455081001472752	0.4	0.0809278350515464	0.0	0.5	1.0	1.2	1.0	Starting with highest filtered score: 0.350 | Applied damped conservation (multiplier: 1.00x). Score changed from 0.350 to 0.350	None
SGCG	p.L90F	missense	NC_000013.11:g.23234685G>T	0.0	SUCCESS	vus					VUS	0.9	0.2057142857142857	0.09310000000000002	0.9	LP	LP	BETTER_DATA_to_pathogenic	0.45	0.2057142857142857	0.0	0.45	VUS	VUS	AGREE	MUSCULAR_DYSTROPHY	0.5	1.0	0.0	0.735	False	VUS	DN(weight=0.5,raw=0.90)	False	0.17142857142857143	0.4	0.0	0.0	0.5	1.0	1.2	1.0	Starting with highest filtered score: 0.450 | Applied damped conservation (multiplier: 1.00x). Score changed from 0.450 to 0.450	None
SGCG	p.A92T	missense	NC_000013.11:g.23234689G>A	0.0	SUCCESS	vus					VUS	0.6299555555555557	0.3908571428571429	0.0	0.7873568636941956	LP	LP	BETTER_DATA_to_pathogenic	0.31497777777777786	0.3908571428571429	0.0	0.5424288813709199	VUS-P	VUS	AGREE	MUSCULAR_DYSTROPHY	0.5	1.0	0.0	8.529	True	VUS	DN(weight=0.5,raw=0.63)	True	0.17142857142857143	0.4	0.0	0.0	0.5	1.0	1.2	1.0	Starting with highest filtered score: 0.391 | Applied synergy: Weak mixed mechanism synergy: LOF+DN = sqrt(0.39² + 0.31²) * 1.081 (balance 0.81, context 1.00) = 0.542 | Applied damped conservation (multiplier: 1.00x). Score changed from 0.542 to 0.542	None
SGCG	p.A92D	missense	NC_000013.11:g.23234690C>A	0.0	SUCCESS	vus					VUS	1.1894000000000002	0.5862857142857144	0.0	1.1894000000000002	LP	LP	BETTER_DATA_to_pathogenic	0.5947000000000001	0.5862857142857144	0.0	0.9997618999328479	LP	LP	BETTER_DATA_to_pathogenic	MUSCULAR_DYSTROPHY	0.5	1.0	0.0	0.095	False	LP	DN(weight=0.5,raw=1.19)	False	0.2571428571428572	0.6	0.0	0.0	0.5	1.0	1.2	1.0	Starting with highest filtered score: 0.595 | Applied synergy: Moderate mixed mechanism synergy: DN+LOF = sqrt(0.59² + 0.59²) * 1.197 (balance 0.99, context 1.00) = 1.000 | Applied damped conservation (multiplier: 1.00x). Score changed from 1.000 to 1.000	None
SGCG	p.I95R	missense	NC_000013.11:g.23234699T>G	0.0	SUCCESS	vus					VUS	1.0767200000000001	0.40256612665684827	0.0	1.0767200000000001	LP	LP	BETTER_DATA_to_pathogenic	0.5383600000000001	0.40256612665684827	0.0	0.7224951705541708	VUS-P	VUS	AGREE	MUSCULAR_DYSTROPHY	0.5	1.0	0.0	7.795	True	VUS	DN(weight=0.5,raw=1.08)	False	0.19504172803141873	0.4	0.08264604810996563	0.0	0.5	1.0	1.2	1.0	Starting with highest filtered score: 0.538 | Applied synergy: Weak mixed mechanism synergy: DN+LOF = sqrt(0.54² + 0.40²) * 1.075 (balance 0.75, context 1.00) = 0.722 | Applied damped conservation (multiplier: 1.00x). Score changed from 0.722 to 0.722	None
SGCG	p.D100A	missense	NC_000013.11:g.23250631A>C	0.0	SUCCESS	vus					VUS	0.6260000000000001	0.3085714285714286	0.0	0.732322263904666	VUS	VUS	AGREE	0.31300000000000006	0.3085714285714286	0.0	0.4828595005996277	VUS-P	VUS	AGREE	MUSCULAR_DYSTROPHY	0.5	1.0	0.0	10.901	True	VUS	DN(weight=0.5,raw=0.63)	True	0.2571428571428572	0.6	0.0	0.0	0.8	1.0	1.2	1.0	Starting with highest filtered score: 0.313 | Applied synergy: Weak mixed mechanism synergy: DN+LOF = sqrt(0.31² + 0.31²) * 1.099 (balance 0.99, context 1.00) = 0.483 | Applied damped conservation (multiplier: 1.00x). Score changed from 0.483 to 0.483	None
SGCG	p.S101*	nonsense	NC_000013.11:g.23250634C>A	0.0	SUCCESS	pathogenic					P	0.0	0.0	0.0			NA	NA	0.0	0.0	0.0	2.0	P	P	AGREE									False									Nonsense variant (S101*): Premature protein termination - Auto-Pathogenic	
SGCG	p.S101L	missense	NC_000013.11:g.23250634C>T	0.0	SUCCESS	vus					VUS	0.37600000000000006	0.23475699558173785	0.7317	0.8649286915814324	LP	LP	BETTER_DATA_to_pathogenic	0.18800000000000003	0.23475699558173785	0.0	0.23475699558173785	VUS	VUS	AGREE	MUSCULAR_DYSTROPHY	0.5	1.0	0.0	7.464	True	LB	GOF(weight=0.0,raw=0.73)	True	0.1956308296514482	0.4	0.08470790378006873	0.0	0.2	1.0	1.2	1.0	Starting with highest filtered score: 0.235 | Applied damped conservation (multiplier: 1.00x). Score changed from 0.235 to 0.235	None
SGCG	p.L104I	missense	NC_000013.11:g.23250642C>A	0.0	SUCCESS	vus					VUS	0.4759644444444445	0.33582857142857137	0.0	0.6236151138634898	VUS	VUS	AGREE	0.23798222222222226	0.33582857142857137	0.0	0.33582857142857137	VUS	VUS	AGREE	MUSCULAR_DYSTROPHY	0.5	1.0	0.0	3.871	False	VUS	DN(weight=0.5,raw=0.48)	True	0.17142857142857143	0.4	0.0	0.0	0.5	1.0	1.2	1.0	Starting with highest filtered score: 0.336 | Applied damped conservation (multiplier: 1.00x). Score changed from 0.336 to 0.336	None
SGCG	p.Q106P	missense	NC_000013.11:g.23250649A>C	0.0	SUCCESS	vus					VUS	1.1516129992319468	0.7849970544919002	0.0	1.1516129992319468	LP	LP	BETTER_DATA_to_pathogenic	0.5758064996159734	0.7849970544919002	0.0	1.0	P	P	BETTER_DATA_to_pathogenic	MUSCULAR_DYSTROPHY	0.5	1.0	0.0	9.049	True	LP	DN(weight=0.5,raw=1.15)	False	0.3312223858615612	0.6000000000000001	0.25927835051546394	0.0	0.5	1.0	1.2	1.1	Starting with highest filtered score: 0.785 | Applied synergy: Moderate mixed mechanism synergy: LOF+DN = sqrt(0.78² + 0.58²) * 1.147 (balance 0.73, context 1.00) = 1.000 | Applied damped conservation (multiplier: 1.00x). Score changed from 1.000 to 1.000	None
SGCG	p.S107L	missense	NC_000013.11:g.23250652C>T	0.0	SUCCESS	pathogenic					P	0.7520000000000001	0.47092783505154634	0.399765	0.9428511977310526	LP	LP	AGREE	0.37600000000000006	0.47092783505154634	0.0	0.6507329688283259	VUS-P	VUS	CAUTIOUS	MUSCULAR_DYSTROPHY	0.5	1.0	0.0	7.464	True	VUS	DN(weight=0.5,raw=0.75)	True	0.19621993127147766	0.4	0.08676975945017183	0.0	0.2	1.0	1.2	1.0	Starting with highest filtered score: 0.471 | Applied synergy: Weak mixed mechanism synergy: LOF+DN = sqrt(0.47² + 0.38²) * 1.080 (balance 0.80, context 1.00) = 0.651 | Applied damped conservation (multiplier: 1.00x). Score changed from 0.651 to 0.651	None
SGCG	p.Q109R	missense	NC_000013.11:g.23250658A>G	0.0	SUCCESS	vus					VUS	0.5482222222222223	0.10285714285714286	0.0	0.5482222222222223	VUS	VUS	AGREE	0.27411111111111114	0.10285714285714286	0.0	0.27411111111111114	VUS-P	VUS	AGREE	MUSCULAR_DYSTROPHY	0.5	1.0	0.0	9.042	True	VUS	DN(weight=0.5,raw=0.55)	False	0.08571428571428572	0.2	0.0	0.0	0.5	1.0	1.2	1.0	Starting with highest filtered score: 0.274 | Applied damped conservation (multiplier: 1.00x). Score changed from 0.274 to 0.274	None
SGCG	p.V111M	missense	NC_000013.11:g.23250663G>A	0.0	SUCCESS	vus					VUS	0.3271111111111112	0.2057142857142857	0.0	0.3271111111111112	VUS	VUS	AGREE	0.1635555555555556	0.2057142857142857	0.0	0.2057142857142857	VUS	VUS	AGREE	MUSCULAR_DYSTROPHY	0.5	1.0	0.0	9.607	True	LB		False	0.17142857142857143	0.4	0.0	0.0	0.5	1.0	1.2	1.0	Starting with highest filtered score: 0.206 | Applied damped conservation (multiplier: 1.00x). Score changed from 0.206 to 0.206	None
SGCG	p.A115E	missense	NC_000013.11:g.23250676C>A	0.0	SUCCESS	vus					VUS	1.0	0.3085714285714286	0.0	1.0	LP	LP	BETTER_DATA_to_pathogenic	0.5	0.3085714285714286	0.0	0.6238114248448249	VUS-P	VUS	AGREE	MUSCULAR_DYSTROPHY	0.5	1.0	0.0	7.464	True	VUS	DN(weight=0.5,raw=1.00)	False	0.2571428571428572	0.6	0.0	0.0	0.5	1.0	1.2	1.0	Starting with highest filtered score: 0.500 | Applied synergy: Weak mixed mechanism synergy: DN+LOF = sqrt(0.50² + 0.31²) * 1.062 (balance 0.62, context 1.00) = 0.624 | Applied damped conservation (multiplier: 1.00x). Score changed from 0.624 to 0.624	None
SGCG	p.A115V	missense	NC_000013.11:g.23250676C>T	0.0	SUCCESS	vus					VUS	0.32933333333333337	0.2057142857142857	0.0	0.32933333333333337	VUS	VUS	AGREE	0.16466666666666668	0.2057142857142857	0.0	0.2057142857142857	VUS	VUS	AGREE	MUSCULAR_DYSTROPHY	0.5	1.0	0.0	7.464	True	LB		False	0.17142857142857143	0.4	0.0	0.0	0.5	1.0	1.2	1.0	Starting with highest filtered score: 0.206 | Applied damped conservation (multiplier: 1.00x). Score changed from 0.206 to 0.206	None
SGCG	p.R116C	missense	NC_000013.11:g.23250678C>T	0.0	SUCCESS	vus					VUS	0.8260000000000001	0.5142857142857143	0.0	1.0	LP	LP	BETTER_DATA_to_pathogenic	0.41300000000000003	0.5142857142857143	0.0	0.712558600385544	VUS	VUS	AGREE	MUSCULAR_DYSTROPHY	0.5	1.0	0.0	4.713	False	VUS	DN(weight=0.5,raw=0.83)	True	0.4285714285714286	1.0	0.0	0.0	0.8	1.0	1.2	1.0	Starting with highest filtered score: 0.514 | Applied synergy: Weak mixed mechanism synergy: LOF+DN = sqrt(0.51² + 0.41²) * 1.080 (balance 0.80, context 1.00) = 0.713 | Applied damped conservation (multiplier: 1.00x). Score changed from 0.713 to 0.713	None
SGCG	p.R116H	missense	NC_000013.11:g.23250679G>A	0.0	SUCCESS	benign					B	0.30488888888888893	0.10285714285714286	0.0	0.30488888888888893	VUS	VUS	CAUTIOUS	0.15244444444444447	0.10285714285714286	0.0	0.15244444444444447	B	B	AGREE	MUSCULAR_DYSTROPHY	0.5	1.0	0.0	4.355	False	B		False	0.08571428571428572	0.2	0.0	0.0	0.8	1.0	1.2	1.0	Starting with highest filtered score: 0.152 | Applied damped conservation (multiplier: 1.00x). Score changed from 0.152 to 0.152	None
SGCG	p.S118P	missense	NC_000013.11:g.23250684T>C	0.0	SUCCESS	vus					VUS	0.5437777777777778	0.40170839469808545	0.94941	1.0	LP	LP	BETTER_DATA_to_pathogenic	0.2718888888888889	0.40170839469808545	0.0	0.40170839469808545	VUS	VUS	AGREE	MUSCULAR_DYSTROPHY	0.5	1.0	0.0	-0.669	False	VUS	DN(weight=0.5,raw=0.54); GOF(weight=0.0,raw=0.95)	True	0.3347569955817379	0.6000000000000001	0.27164948453608245	0.0	0.2	1.0	1.2	1.1	Starting with highest filtered score: 0.402 | Applied damped conservation (multiplier: 1.00x). Score changed from 0.402 to 0.402	None
SGCG	p.E121*	nonsense	NC_000013.11:g.23250693G>T	0.0	SUCCESS	pathogenic					P	0.0	0.0	0.0			NA	NA	0.0	0.0	0.0	2.0	P	P	AGREE									False									Nonsense variant (E121*): Premature protein termination - Auto-Pathogenic	
SGCG	p.G124V	missense	NC_000013.11:g.23250703G>T	0.0	SUCCESS	other					NA	0.37600000000000006	0.4517525773195876	0.26543999999999995	0.6366750878832627	VUS	VUS	NA	0.18800000000000003	0.4517525773195876	0.0	0.4517525773195876	VUS-P	VUS	NA	MUSCULAR_DYSTROPHY	0.5	1.0	0.0	11.498	True	VUS		True	0.37646048109965635	0.55	0.09261168384879725	0.4	1.0	1.0	1.2	1.0	Starting with highest filtered score: 0.452 | Applied damped conservation (multiplier: 1.00x). Score changed from 0.452 to 0.452	None
SGCG	p.R125K	missense	NC_000013.11:g.23250706G>A	0.0	SUCCESS	vus					VUS	1.352	0.17382857142857142	0.0	1.352	P	P	BETTER_DATA_to_pathogenic	0.676	0.17382857142857142	0.0	0.676	VUS-P	VUS	AGREE	MUSCULAR_DYSTROPHY	0.5	1.0	0.0	11.498	True	VUS	DN(weight=0.5,raw=1.35)	False	0.08571428571428572	0.2	0.0	0.0	0.8	1.0	1.2	1.0	Starting with highest filtered score: 0.676 | Applied damped conservation (multiplier: 1.00x). Score changed from 0.676 to 0.676	None
SGCG	p.K127Q	missense	NC_000013.11:g.23250711A>C	0.0	SUCCESS	vus					VUS	0.9521022222222224	0.3661714285714286	0.0	1.0	LP	LP	BETTER_DATA_to_pathogenic	0.4760511111111112	0.3661714285714286	0.0	0.6467845409568509	VUS-P	VUS	AGREE	MUSCULAR_DYSTROPHY	0.5	1.0	0.0	7.809	True	VUS	DN(weight=0.5,raw=0.95)	True	0.17142857142857143	0.4	0.0	0.0	0.8	1.0	1.2	1.0	Starting with highest filtered score: 0.476 | Applied synergy: Weak mixed mechanism synergy: DN+LOF = sqrt(0.48² + 0.37²) * 1.077 (balance 0.77, context 1.00) = 0.647 | Applied damped conservation (multiplier: 1.00x). Score changed from 0.647 to 0.647	None
SGCG	p.G129S	missense	NC_000013.11:g.23250717G>A	0.0	SUCCESS	other					NA	0.47291555555555576	0.6972000000000002	0.0	0.8996034441558957	LP	LP	NA	0.23645777777777788	0.6972000000000002	0.0	0.6972000000000002	VUS-P	VUS	NA	MUSCULAR_DYSTROPHY	0.5	1.0	0.0	11.498	True	VUS	DN(weight=0.5,raw=0.47)	True	0.35000000000000003	0.55	0.0	0.4	1.0	1.0	1.2	1.0	Starting with highest filtered score: 0.697 | Applied damped conservation (multiplier: 1.00x). Score changed from 0.697 to 0.697	None
SGCG	p.G129R	missense	NC_000013.11:g.23250717G>C	0.0	SUCCESS	vus					VUS	1.3280000000000003	0.8679428571428571	0.0	1.3280000000000003	P	P	BETTER_DATA_to_pathogenic	0.6640000000000001	0.8679428571428571	0.0	1.0	P	P	BETTER_DATA_to_pathogenic	MUSCULAR_DYSTROPHY	0.5	1.0	0.0	11.498	True	LP	DN(weight=0.5,raw=1.33)	False	0.4357142857142857	0.75	0.0	0.4	1.0	1.0	1.2	1.0	Starting with highest filtered score: 0.868 | Applied synergy: Moderate mixed mechanism synergy: LOF+DN = sqrt(0.87² + 0.66²) * 1.153 (balance 0.77, context 1.00) = 1.000 | Applied damped conservation (multiplier: 1.00x). Score changed from 1.000 to 1.000	None
SGCG	p.G129V	missense	NC_000013.11:g.23279359G>T	0.0	SUCCESS	vus					VUS	0.6241600000000002	0.7508871870397644	0.0	1.0	LP	LP	BETTER_DATA_to_pathogenic	0.3120800000000001	0.7508871870397644	0.0	0.8469537874808846	P	P	BETTER_DATA_to_pathogenic	MUSCULAR_DYSTROPHY	0.5	1.0	0.0	7.485	True	LP	DN(weight=0.5,raw=0.62)	True	0.37695139911634756	0.55	0.09432989690721649	0.4	1.0	1.0	1.2	1.0	Starting with highest filtered score: 0.751 | Applied synergy: Weak mixed mechanism synergy: LOF+DN = sqrt(0.75² + 0.31²) * 1.042 (balance 0.42, context 1.00) = 0.847 | Applied damped conservation (multiplier: 1.00x). Score changed from 0.847 to 0.847	None
SGCG	p.K131R	missense	NC_000013.11:g.23279365A>G	0.0	SUCCESS	vus					VUS	0.2893333333333334	0.10285714285714286	0.0	0.2893333333333334	VUS	VUS	AGREE	0.1446666666666667	0.10285714285714286	0.0	0.1446666666666667	B	B	BETTER_DATA_to_benign	MUSCULAR_DYSTROPHY	0.5	1.0	0.0	2.942	False	B		False	0.08571428571428572	0.2	0.0	0.0	0.8	1.0	1.2	1.0	Starting with highest filtered score: 0.145 | Applied damped conservation (multiplier: 1.00x). Score changed from 0.145 to 0.145	None
SGCG	p.Q136R	missense	NC_000013.11:g.23279380A>G	0.0	SUCCESS	vus					VUS	0.8	0.10285714285714286	0.0	0.8	LP	LP	BETTER_DATA_to_pathogenic	0.4	0.10285714285714286	0.0	0.4	VUS-P	VUS	AGREE	MUSCULAR_DYSTROPHY	0.5	1.0	0.0	11.08	True	VUS	DN(weight=0.5,raw=0.80)	False	0.08571428571428572	0.2	0.0	0.0	0.5	1.0	1.2	1.0	Starting with highest filtered score: 0.400 | Applied damped conservation (multiplier: 1.00x). Score changed from 0.400 to 0.400	None
SGCG	p.N137K	missense	NC_000013.11:g.23279384T>G	0.0	SUCCESS	vus					VUS	0.534888888888889	0.2057142857142857	0.0	0.534888888888889	VUS	VUS	AGREE	0.2674444444444445	0.2057142857142857	0.0	0.2674444444444445	VUS	VUS	AGREE	MUSCULAR_DYSTROPHY	0.5	1.0	0.0	0.876	False	VUS	DN(weight=0.5,raw=0.53)	False	0.17142857142857143	0.4	0.0	0.0	0.5	1.0	1.2	1.0	Starting with highest filtered score: 0.267 | Applied damped conservation (multiplier: 1.00x). Score changed from 0.267 to 0.267	None
SGCG	p.S144A	missense	NC_000013.11:g.23279403T>G	0.0	SUCCESS	vus					VUS	0.33377777777777784	0.2057142857142857	0.6992999999999999	0.8118578493392792	LP	LP	BETTER_DATA_to_pathogenic	0.16688888888888892	0.2057142857142857	0.0	0.2057142857142857	VUS	VUS	AGREE	MUSCULAR_DYSTROPHY	0.5	1.0	0.0	5.037	True	LB	GOF(weight=0.0,raw=0.70)	True	0.17142857142857143	0.4	0.0	0.0	0.2	1.0	1.2	1.0	Starting with highest filtered score: 0.206 | Applied damped conservation (multiplier: 1.00x). Score changed from 0.206 to 0.206	None
SGCG	p.N145S	missense	NC_000013.11:g.23279407A>G	0.0	SUCCESS	vus					VUS	0.3360000000000001	0.2057142857142857	0.0	0.3360000000000001	VUS	VUS	AGREE	0.16800000000000004	0.2057142857142857	0.0	0.2057142857142857	LB	LB	BETTER_DATA_to_benign	MUSCULAR_DYSTROPHY	0.5	1.0	0.0	2.535	False	LB		False	0.17142857142857143	0.4	0.0	0.0	0.5	1.0	1.2	1.0	Starting with highest filtered score: 0.206 | Applied damped conservation (multiplier: 1.00x). Score changed from 0.206 to 0.206	None
SGCG	p.N145K	missense	NC_000013.11:g.23279408C>A	0.0	SUCCESS	vus					VUS	0.534888888888889	0.2057142857142857	0.0	0.534888888888889	VUS	VUS	AGREE	0.2674444444444445	0.2057142857142857	0.0	0.2674444444444445	VUS	VUS	AGREE	MUSCULAR_DYSTROPHY	0.5	1.0	0.0	0.785	False	VUS	DN(weight=0.5,raw=0.53)	False	0.17142857142857143	0.4	0.0	0.0	0.5	1.0	1.2	1.0	Starting with highest filtered score: 0.267 | Applied damped conservation (multiplier: 1.00x). Score changed from 0.267 to 0.267	None
SGCG	p.D146N	missense	NC_000013.11:g.23279409G>A	0.0	SUCCESS	vus					VUS	0.526	0.2057142857142857	0.0	0.526	VUS	VUS	AGREE	0.263	0.2057142857142857	0.0	0.263	VUS	VUS	AGREE	MUSCULAR_DYSTROPHY	0.5	1.0	0.0	4.335	False	VUS	DN(weight=0.5,raw=0.53)	False	0.17142857142857143	0.4	0.0	0.0	0.8	1.0	1.2	1.0	Starting with highest filtered score: 0.263 | Applied damped conservation (multiplier: 1.00x). Score changed from 0.263 to 0.263	None
SGCG	p.D146E	missense	NC_000013.11:g.23279411C>A	0.0	SUCCESS	vus					VUS	0.8	0.2057142857142857	0.0	0.8	LP	LP	BETTER_DATA_to_pathogenic	0.4	0.2057142857142857	0.0	0.4	VUS	VUS	AGREE	MUSCULAR_DYSTROPHY	0.5	1.0	0.0	-4.104	False	VUS	DN(weight=0.5,raw=0.80)	False	0.17142857142857143	0.4	0.0	0.0	0.8	1.0	1.2	1.0	Starting with highest filtered score: 0.400 | Applied damped conservation (multiplier: 1.00x). Score changed from 0.400 to 0.400	None
SGCG	p.G147S	missense	NC_000013.11:g.23279412G>A	0.0	SUCCESS	vus					VUS	0.3	0.42000000000000004	0.084175	0.5530066243098831	VUS	VUS	AGREE	0.15	0.42000000000000004	0.0	0.42000000000000004	VUS-P	VUS	AGREE	MUSCULAR_DYSTROPHY	0.5	1.0	0.0	6.533	True	VUS		True	0.35000000000000003	0.55	0.0	0.4	1.0	1.0	1.2	1.0	Starting with highest filtered score: 0.420 | Applied damped conservation (multiplier: 1.00x). Score changed from 0.420 to 0.420	None
SGCG	p.G147D	missense	NC_000013.11:g.23279413G>A	0.0	SUCCESS	vus					VUS	0.6	0.42000000000000004	0.18330000000000002	0.7836608705301038	LP	LP	BETTER_DATA_to_pathogenic	0.3	0.42000000000000004	0.0	0.5530066243098831	VUS-P	VUS	AGREE	MUSCULAR_DYSTROPHY	0.5	1.0	0.0	6.566	True	VUS	DN(weight=0.5,raw=0.60)	True	0.35000000000000003	0.55	0.0	0.4	1.0	1.0	1.2	1.0	Starting with highest filtered score: 0.420 | Applied synergy: Weak mixed mechanism synergy: LOF+DN = sqrt(0.42² + 0.30²) * 1.071 (balance 0.71, context 1.00) = 0.553 | Applied damped conservation (multiplier: 1.00x). Score changed from 0.553 to 0.553	None
SGCG	p.L150P	missense	NC_000013.11:g.23279422T>C	0.0	SUCCESS	vus					VUS	0.9433981132056605	0.3085714285714286	0.2160714285714286	1.0	LP	LP	BETTER_DATA_to_pathogenic	0.47169905660283024	0.3085714285714286	0.0	0.6005364790457736	VUS	VUS	AGREE	MUSCULAR_DYSTROPHY	0.5	1.0	0.0	4.983	False	VUS	DN(weight=0.5,raw=0.94)	True	0.2571428571428572	0.6000000000000001	0.0	0.0	0.5	1.0	1.2	1.1	Starting with highest filtered score: 0.472 | Applied synergy: Weak mixed mechanism synergy: DN+LOF = sqrt(0.47² + 0.31²) * 1.065 (balance 0.65, context 1.00) = 0.601 | Applied damped conservation (multiplier: 1.00x). Score changed from 0.601 to 0.601	None
SGCG	p.T152N	missense	NC_000013.11:g.23279428C>A	0.0	SUCCESS	vus					VUS	0.3382222222222223	0.2057142857142857	0.6992999999999999	0.8143682265317141	LP	LP	BETTER_DATA_to_pathogenic	0.16911111111111116	0.2057142857142857	0.0	0.2057142857142857	LB	LB	BETTER_DATA_to_benign	MUSCULAR_DYSTROPHY	0.5	1.0	0.0	4.819	False	LB	GOF(weight=0.0,raw=0.70)	True	0.17142857142857143	0.4	0.0	0.0	0.2	1.0	1.2	1.0	Starting with highest filtered score: 0.206 | Applied damped conservation (multiplier: 1.00x). Score changed from 0.206 to 0.206	None
SGCG	p.T152I	missense	NC_000013.11:g.23279428C>T	0.0	SUCCESS	vus					VUS	0.37600000000000006	0.2057142857142857	0.6992999999999999	0.8366656161602598	LP	LP	BETTER_DATA_to_pathogenic	0.18800000000000003	0.2057142857142857	0.0	0.2057142857142857	LB	LB	BETTER_DATA_to_benign	MUSCULAR_DYSTROPHY	0.5	1.0	0.0	4.819	False	LB	GOF(weight=0.0,raw=0.70)	True	0.17142857142857143	0.4	0.0	0.0	0.2	1.0	1.2	1.0	Starting with highest filtered score: 0.206 | Applied damped conservation (multiplier: 1.00x). Score changed from 0.206 to 0.206	None
SGCG	p.D154E	missense	NC_000013.11:g.23279435T>A	0.0	SUCCESS	vus					VUS	0.276	0.2057142857142857	0.0	0.276	VUS	VUS	AGREE	0.138	0.2057142857142857	0.0	0.2057142857142857	LB	LB	BETTER_DATA_to_benign	MUSCULAR_DYSTROPHY	0.5	1.0	0.0	-0.126	False	LB		False	0.17142857142857143	0.4	0.0	0.0	0.8	1.0	1.2	1.0	Starting with highest filtered score: 0.206 | Applied damped conservation (multiplier: 1.00x). Score changed from 0.206 to 0.206	None
SGCG	p.E155D	missense	NC_000013.11:g.23279438G>C	0.0	SUCCESS	vus					VUS	0.276	0.2057142857142857	0.0	0.276	VUS	VUS	AGREE	0.138	0.2057142857142857	0.0	0.2057142857142857	LB	LB	BETTER_DATA_to_benign	MUSCULAR_DYSTROPHY	0.5	1.0	0.0	1.124	False	LB		False	0.17142857142857143	0.4	0.0	0.0	0.8	1.0	1.2	1.0	Starting with highest filtered score: 0.206 | Applied damped conservation (multiplier: 1.00x). Score changed from 0.206 to 0.206	None
SGCG	p.V158A	missense	NC_000013.11:g.23279446T>C	0.0	SUCCESS	vus					VUS	0.32933333333333337	0.2057142857142857	0.0	0.32933333333333337	VUS	VUS	AGREE	0.16466666666666668	0.2057142857142857	0.0	0.2057142857142857	LB	LB	BETTER_DATA_to_benign	MUSCULAR_DYSTROPHY	0.5	1.0	0.0	-0.431	False	LB		False	0.17142857142857143	0.4	0.0	0.0	0.5	1.0	1.2	1.0	Starting with highest filtered score: 0.206 | Applied damped conservation (multiplier: 1.00x). Score changed from 0.206 to 0.206	None
SGCG	p.V160A	missense	NC_000013.11:g.23279452T>C	0.0	SUCCESS	other					NA	0.32933333333333337	0.2057142857142857	0.0	0.32933333333333337	VUS	VUS	NA	0.16466666666666668	0.2057142857142857	0.0	0.2057142857142857	VUS	VUS	NA	MUSCULAR_DYSTROPHY	0.5	1.0	0.0	7.798	True	LB		False	0.17142857142857143	0.4	0.0	0.0	0.5	1.0	1.2	1.0	Starting with highest filtered score: 0.206 | Applied damped conservation (multiplier: 1.00x). Score changed from 0.206 to 0.206	None
SGCG	p.T162K	missense	NC_000013.11:g.23279458C>A	0.0	SUCCESS	vus					VUS	1.0897277777777779	0.37542857142857144	0.58968	1.0897277777777779	LP	LP	BETTER_DATA_to_pathogenic	0.5448638888888889	0.37542857142857144	0.0	0.7072741589989741	VUS	VUS	AGREE	MUSCULAR_DYSTROPHY	0.5	1.0	0.0	3.264	False	VUS	DN(weight=0.5,raw=1.09); GOF(weight=0.0,raw=0.59)	False	0.17142857142857143	0.4	0.0	0.0	0.2	1.0	1.2	1.0	Starting with highest filtered score: 0.545 | Applied synergy: Weak mixed mechanism synergy: DN+LOF = sqrt(0.54² + 0.38²) * 1.069 (balance 0.69, context 1.00) = 0.707 | Applied damped conservation (multiplier: 1.00x). Score changed from 0.707 to 0.707	None
SGCG	p.L165P	missense	NC_000013.11:g.23279467T>C	0.0	SUCCESS	vus					VUS	1.12993	0.5569714285714287	0.0	1.12993	LP	LP	BETTER_DATA_to_pathogenic	0.564965	0.5569714285714287	0.0	0.9497738049362053	P	P	BETTER_DATA_to_pathogenic	MUSCULAR_DYSTROPHY	0.5	1.0	0.0	7.798	True	LP	DN(weight=0.5,raw=1.13)	False	0.2571428571428572	0.6000000000000001	0.0	0.0	0.5	1.0	1.2	1.1	Starting with highest filtered score: 0.565 | Applied synergy: Moderate mixed mechanism synergy: DN+LOF = sqrt(0.56² + 0.56²) * 1.197 (balance 0.99, context 1.00) = 0.950 | Applied damped conservation (multiplier: 1.00x). Score changed from 0.950 to 0.950	None
SGCG	p.R166*	nonsense	NC_000013.11:g.23279469C>T	0.0	SUCCESS	pathogenic					P	0.0	0.0	0.0			NA	NA	0.0	0.0	0.0	2.0	P	P	AGREE									False									Nonsense variant (R166*): Premature protein termination - Auto-Pathogenic	
SGCG	p.R166Q	missense	NC_000013.11:g.23279470G>A	0.0	SUCCESS	other					NA	1.0964444444444446	0.2057142857142857	0.0	1.0964444444444446	LP	LP	NA	0.5482222222222223	0.2057142857142857	0.0	0.5482222222222223	VUS-P	VUS	NA	MUSCULAR_DYSTROPHY	0.5	1.0	0.0	11.689	True	VUS	DN(weight=0.5,raw=1.10)	False	0.08571428571428572	0.2	0.0	0.0	0.8	1.0	1.2	1.0	Starting with highest filtered score: 0.548 | Applied damped conservation (multiplier: 1.00x). Score changed from 0.548 to 0.548	None
SGCG	p.E171*	nonsense	NC_000013.11:g.23295420G>T	0.0	SUCCESS	pathogenic					P	0.0	0.0	0.0			NA	NA	0.0	0.0	0.0	2.0	P	P	AGREE									False									Nonsense variant (E171*): Premature protein termination - Auto-Pathogenic	
SGCG	p.A173T	missense	NC_000013.11:g.23295426G>A	0.0	SUCCESS	vus					VUS	0.3315555555555556	0.2057142857142857	0.0	0.3315555555555556	VUS	VUS	AGREE	0.1657777777777778	0.2057142857142857	0.0	0.2057142857142857	VUS	VUS	AGREE	MUSCULAR_DYSTROPHY	0.5	1.0	0.0	11.6	True	LB		False	0.17142857142857143	0.4	0.0	0.0	0.5	1.0	1.2	1.0	Starting with highest filtered score: 0.206 | Applied damped conservation (multiplier: 1.00x). Score changed from 0.206 to 0.206	None
SGCG	p.E176Q	missense	NC_000013.11:g.23295435G>C	0.0	SUCCESS	vus					VUS	0.526	0.2057142857142857	0.0	0.526	VUS	VUS	AGREE	0.263	0.2057142857142857	0.0	0.263	VUS-P	VUS	AGREE	MUSCULAR_DYSTROPHY	0.5	1.0	0.0	11.597	True	VUS	DN(weight=0.5,raw=0.53)	False	0.17142857142857143	0.4	0.0	0.0	0.8	1.0	1.2	1.0	Starting with highest filtered score: 0.263 | Applied damped conservation (multiplier: 1.00x). Score changed from 0.263 to 0.263	None
SGCG	p.E176*	nonsense	NC_000013.11:g.23295435G>T	0.0	SUCCESS	pathogenic					P	0.0	0.0	0.0			NA	NA	0.0	0.0	0.0	2.0	P	P	AGREE									False									Nonsense variant (E176*): Premature protein termination - Auto-Pathogenic	
SGCG	p.H177N	missense	NC_000013.11:g.23295438C>A	0.0	SUCCESS	vus					VUS	0.6	0.2057142857142857	0.0	0.6	VUS	VUS	AGREE	0.3	0.2057142857142857	0.0	0.3	VUS-P	VUS	AGREE	MUSCULAR_DYSTROPHY	0.5	1.0	0.0	7.527	True	VUS	DN(weight=0.5,raw=0.60)	False	0.17142857142857143	0.4	0.0	0.0	0.8	1.0	1.2	1.0	Starting with highest filtered score: 0.300 | Applied damped conservation (multiplier: 1.00x). Score changed from 0.300 to 0.300	None
SGCG	p.H177Y	missense	NC_000013.11:g.23295438C>T	0.0	SUCCESS	vus					VUS	0.6	0.2057142857142857	0.14608125	0.6	VUS	VUS	AGREE	0.3	0.2057142857142857	0.0	0.3	VUS-P	VUS	AGREE	MUSCULAR_DYSTROPHY	0.5	1.0	0.0	7.527	True	VUS	DN(weight=0.5,raw=0.60)	False	0.17142857142857143	0.4	0.0	0.0	0.8	1.0	1.2	1.0	Starting with highest filtered score: 0.300 | Applied damped conservation (multiplier: 1.00x). Score changed from 0.300 to 0.300	None
SGCG	p.H177R	missense	NC_000013.11:g.23295439A>G	0.0	SUCCESS	vus					VUS	0.30488888888888893	0.10285714285714286	0.0	0.30488888888888893	VUS	VUS	AGREE	0.15244444444444447	0.10285714285714286	0.0	0.15244444444444447	VUS	VUS	AGREE	MUSCULAR_DYSTROPHY	0.5	1.0	0.0	10.996	True	B		False	0.08571428571428572	0.2	0.0	0.0	0.8	1.0	1.2	1.0	Starting with highest filtered score: 0.152 | Applied damped conservation (multiplier: 1.00x). Score changed from 0.152 to 0.152 | Conservation floor: phyloP 11.0 ≥ 5.0 at ultra-conserved position — clamped LB → VUS	None
SGCG	p.S178*	nonsense	NC_000013.11:g.23295442C>G	0.0	SUCCESS	pathogenic					P	0.0	0.0	0.0			NA	NA	0.0	0.0	0.0	2.0	P	P	AGREE									False									Nonsense variant (S178*): Premature protein termination - Auto-Pathogenic	
SGCG	p.V179M	missense	NC_000013.11:g.23295444G>A	0.0	SUCCESS	vus					VUS	0.3271111111111112	0.2057142857142857	0.0	0.3271111111111112	VUS	VUS	AGREE	0.1635555555555556	0.2057142857142857	0.0	0.2057142857142857	VUS	VUS	AGREE	MUSCULAR_DYSTROPHY	0.5	1.0	0.0	9.723	True	LB		False	0.17142857142857143	0.4	0.0	0.0	0.5	1.0	1.2	1.0	Starting with highest filtered score: 0.206 | Applied damped conservation (multiplier: 1.00x). Score changed from 0.206 to 0.206	None
SGCG	p.V179A	missense	NC_000013.11:g.23295445T>C	0.0	SUCCESS	vus					VUS	0.32933333333333337	0.2057142857142857	0.0	0.32933333333333337	VUS	VUS	AGREE	0.16466666666666668	0.2057142857142857	0.0	0.2057142857142857	LB	LB	BETTER_DATA_to_benign	MUSCULAR_DYSTROPHY	0.5	1.0	0.0	3.307	False	LB		False	0.17142857142857143	0.4	0.0	0.0	0.5	1.0	1.2	1.0	Starting with highest filtered score: 0.206 | Applied damped conservation (multiplier: 1.00x). Score changed from 0.206 to 0.206	None
SGCG	p.E180V	missense	NC_000013.11:g.23295448A>T	0.0	SUCCESS	other					NA	0.6260000000000001	0.23593519882179678	0.0	0.6260000000000001	VUS	VUS	NA	0.31300000000000006	0.23593519882179678	0.0	0.31300000000000006	VUS-P	VUS	NA	MUSCULAR_DYSTROPHY	0.5	1.0	0.0	9.138	True	VUS	DN(weight=0.5,raw=0.63)	False	0.19661266568483066	0.4	0.08814432989690722	0.0	0.8	1.0	1.2	1.0	Starting with highest filtered score: 0.313 | Applied damped conservation (multiplier: 1.00x). Score changed from 0.313 to 0.313	None
SGCG	p.L183F	missense	NC_000013.11:g.23295456C>T	0.0	SUCCESS	vus					VUS	0.2982222222222223	0.2057142857142857	0.09880000000000001	0.2982222222222223	VUS	VUS	AGREE	0.14911111111111114	0.2057142857142857	0.0	0.2057142857142857	VUS	VUS	AGREE	MUSCULAR_DYSTROPHY	0.5	1.0	0.0	5.827	True	LB		False	0.17142857142857143	0.4	0.0	0.0	0.5	1.0	1.2	1.0	Starting with highest filtered score: 0.206 | Applied damped conservation (multiplier: 1.00x). Score changed from 0.206 to 0.206	None
SGCG	p.V184G	missense	NC_000013.11:g.23295460T>G	0.0	SUCCESS	vus					VUS	0.37600000000000006	0.31260677466863035	0.0	0.5296311381438025	VUS	VUS	AGREE	0.18800000000000003	0.31260677466863035	0.0	0.31260677466863035	VUS-P	VUS	AGREE	MUSCULAR_DYSTROPHY	0.5	1.0	0.0	7.74	True	VUS		True	0.26050564555719197	0.55	0.08676975945017183	0.0	0.5	1.0	1.2	1.0	Starting with highest filtered score: 0.313 | Applied damped conservation (multiplier: 1.00x). Score changed from 0.313 to 0.313	None
SGCG	p.D187N	missense	NC_000013.11:g.23295468G>A	0.0	SUCCESS	vus					VUS	0.526	0.2057142857142857	0.0	0.526	VUS	VUS	AGREE	0.263	0.2057142857142857	0.0	0.263	VUS	VUS	AGREE	MUSCULAR_DYSTROPHY	0.5	1.0	0.0	3.592	False	VUS	DN(weight=0.5,raw=0.53)	False	0.17142857142857143	0.4	0.0	0.0	0.8	1.0	1.2	1.0	Starting with highest filtered score: 0.263 | Applied damped conservation (multiplier: 1.00x). Score changed from 0.263 to 0.263	None
SGCG	p.D187G	missense	NC_000013.11:g.23295469A>G	0.0	SUCCESS	vus					VUS	0.5948888888888889	0.28285714285714286	0.0	0.5948888888888889	VUS	VUS	AGREE	0.29744444444444446	0.28285714285714286	0.0	0.29744444444444446	VUS-P	VUS	AGREE	MUSCULAR_DYSTROPHY	0.5	1.0	0.0	7.84	True	VUS	DN(weight=0.5,raw=0.59)	False	0.23571428571428574	0.55	0.0	0.0	0.8	1.0	1.2	1.0	Starting with highest filtered score: 0.297 | Applied damped conservation (multiplier: 1.00x). Score changed from 0.297 to 0.297	None
SGCG	p.P188T	missense	NC_000013.11:g.23295471C>A	0.0	SUCCESS	vus					VUS	0.29600000000000004	0.46127835051546395	0.0	0.46127835051546395	VUS	VUS	AGREE	0.14800000000000002	0.46127835051546395	0.0	0.46127835051546395	VUS	VUS	AGREE	MUSCULAR_DYSTROPHY	0.5	1.0	0.0	3.167	False	VUS		False	0.38439862542955333	0.6000000000000001	0.08539518900343643	0.3	1.0	1.0	1.2	1.2	Starting with highest filtered score: 0.461 | Applied damped conservation (multiplier: 1.00x). Score changed from 0.461 to 0.461	None
SGCG	p.P188R	missense	NC_000013.11:g.23295472C>G	0.0	SUCCESS	vus					VUS	0.8	0.6226921944035345	0.0	1.0	LP	LP	BETTER_DATA_to_pathogenic	0.4	0.6226921944035345	0.0	0.7876401930604273	LP	LP	BETTER_DATA_to_pathogenic	MUSCULAR_DYSTROPHY	0.5	1.0	0.0	2.608	False	LP	DN(weight=0.5,raw=0.80)	True	0.5189101620029455	0.8	0.25618556701030926	0.3	1.0	1.0	1.2	1.2	Starting with highest filtered score: 0.623 | Applied synergy: Weak mixed mechanism synergy: LOF+DN = sqrt(0.62² + 0.40²) * 1.064 (balance 0.64, context 1.00) = 0.788 | Applied damped conservation (multiplier: 1.00x). Score changed from 0.788 to 0.788	None
SGCG	p.P188L	missense	NC_000013.11:g.23295472C>T	0.0	SUCCESS	vus					VUS	0.37600000000000006	0.43200000000000005	0.0	0.6225600714180163	VUS	VUS	AGREE	0.18800000000000003	0.43200000000000005	0.0	0.43200000000000005	VUS	VUS	AGREE	MUSCULAR_DYSTROPHY	0.5	1.0	0.0	2.608	False	VUS		True	0.36000000000000004	0.6000000000000001	0.0	0.3	1.0	1.0	1.2	1.2	Starting with highest filtered score: 0.432 | Applied damped conservation (multiplier: 1.00x). Score changed from 0.432 to 0.432	None
SGCG	p.L192R	missense	NC_000013.11:g.23295484T>G	0.0	SUCCESS	other					NA	1.0	0.3373784977908689	0.0	1.0	LP	LP	NA	0.5	0.3373784977908689	0.0	0.6438783451522313	VUS-P	VUS	NA	MUSCULAR_DYSTROPHY	0.5	1.0	0.0	7.74	True	VUS	DN(weight=0.5,raw=1.00)	False	0.28114874815905744	0.6	0.08402061855670104	0.0	0.5	1.0	1.2	1.0	Starting with highest filtered score: 0.500 | Applied synergy: Weak mixed mechanism synergy: DN+LOF = sqrt(0.50² + 0.34²) * 1.067 (balance 0.67, context 1.00) = 0.644 | Applied damped conservation (multiplier: 1.00x). Score changed from 0.644 to 0.644	None
SGCG	p.L194S	missense	NC_000013.11:g.23320639T>C	0.0	SUCCESS	pathogenic					P	0.37600000000000006	0.23428571428571426	0.0	0.37600000000000006	VUS	VUS	CAUTIOUS	0.18800000000000003	0.23428571428571426	0.0	0.23428571428571426	VUS	VUS	CAUTIOUS	MUSCULAR_DYSTROPHY	0.5	1.0	0.0	7.845	True	LB		False	0.19523809523809524	0.4	0.08333333333333334	0.0	0.5	1.0	1.2	1.0	Starting with highest filtered score: 0.234 | Applied damped conservation (multiplier: 1.00x). Score changed from 0.234 to 0.234	None
SGCG	p.L194*	nonsense	NC_000013.11:g.23320639T>G	0.0	SUCCESS	pathogenic					P	0.0	0.0	0.0			NA	NA	0.0	0.0	0.0	2.0	P	P	AGREE									False									Nonsense variant (L194*): Premature protein termination - Auto-Pathogenic	
SGCG	p.T198I	missense	NC_000013.11:g.23320651C>T	0.0	SUCCESS	vus					VUS	0.37600000000000006	0.2057142857142857	0.33799499999999993	0.551033653146404	VUS	VUS	AGREE	0.18800000000000003	0.2057142857142857	0.0	0.2057142857142857	VUS	VUS	AGREE	MUSCULAR_DYSTROPHY	0.5	1.0	0.0	5.936	True	LB		True	0.17142857142857143	0.4	0.0	0.0	0.2	1.0	1.2	1.0	Starting with highest filtered score: 0.206 | Applied damped conservation (multiplier: 1.00x). Score changed from 0.206 to 0.206	None
SGCG	p.R199W	missense	NC_000013.11:g.23320653C>T	0.0	SUCCESS	vus					VUS	0.9	0.3365537555228277	0.36660000000000004	1.0	LP	LP	BETTER_DATA_to_pathogenic	0.45	0.3365537555228277	0.0	0.6039595591559297	VUS	VUS	AGREE	MUSCULAR_DYSTROPHY	0.5	1.0	0.0	0.672	False	VUS	DN(weight=0.5,raw=0.90)	True	0.28046146293568974	0.6	0.08161512027491409	0.0	0.8	1.0	1.2	1.0	Starting with highest filtered score: 0.450 | Applied synergy: Weak mixed mechanism synergy: DN+LOF = sqrt(0.45² + 0.34²) * 1.075 (balance 0.75, context 1.00) = 0.604 | Applied damped conservation (multiplier: 1.00x). Score changed from 0.604 to 0.604	None
SGCG	p.R199Q	missense	NC_000013.11:g.23320654G>A	0.0	SUCCESS	vus					VUS	0.5482222222222223	0.10285714285714286	0.0	0.5482222222222223	VUS	VUS	AGREE	0.27411111111111114	0.10285714285714286	0.0	0.27411111111111114	VUS-P	VUS	AGREE	MUSCULAR_DYSTROPHY	0.5	1.0	0.0	9.874	True	VUS	DN(weight=0.5,raw=0.55)	False	0.08571428571428572	0.2	0.0	0.0	0.8	1.0	1.2	1.0	Starting with highest filtered score: 0.274 | Applied damped conservation (multiplier: 1.00x). Score changed from 0.274 to 0.274	None
SGCG	p.S200I	missense	NC_000013.11:g.23320657G>T	0.0	SUCCESS	vus					VUS	0.37600000000000006	0.23357879234167894	1.0	1.0	LP	LP	BETTER_DATA_to_pathogenic	0.18800000000000003	0.23357879234167894	0.0	0.23357879234167894	VUS	VUS	AGREE	MUSCULAR_DYSTROPHY	0.5	1.0	0.0	11.763	True	LB	GOF(weight=0.0,raw=1.00)	False	0.19464899361806579	0.4	0.08127147766323024	0.0	0.2	1.0	1.2	1.0	Starting with highest filtered score: 0.234 | Applied damped conservation (multiplier: 1.00x). Score changed from 0.234 to 0.234	None
SGCG	p.S202T	missense	NC_000013.11:g.23320663G>C	0.0	SUCCESS	vus					VUS	0.27822222222222226	0.2057142857142857	0.0	0.27822222222222226	VUS	VUS	AGREE	0.13911111111111113	0.2057142857142857	0.0	0.2057142857142857	VUS	VUS	AGREE	MUSCULAR_DYSTROPHY	0.5	1.0	0.0	11.763	True	LB		False	0.17142857142857143	0.4	0.0	0.0	0.2	1.0	1.2	1.0	Starting with highest filtered score: 0.206 | Applied damped conservation (multiplier: 1.00x). Score changed from 0.206 to 0.206	None
SGCG	p.M203V	missense	NC_000013.11:g.23320665A>G	0.0	SUCCESS	vus					VUS	0.3271111111111112	0.2057142857142857	0.0	0.3271111111111112	VUS	VUS	AGREE	0.1635555555555556	0.2057142857142857	0.0	0.2057142857142857	VUS	VUS	AGREE	MUSCULAR_DYSTROPHY	0.5	1.0	0.0	8.027	True	LB		False	0.17142857142857143	0.4	0.0	0.0	0.5	1.0	1.2	1.0	Starting with highest filtered score: 0.206 | Applied damped conservation (multiplier: 1.00x). Score changed from 0.206 to 0.206	None
SGCG	p.R207G	missense	NC_000013.11:g.23320677A>G	0.0	SUCCESS	vus					VUS	0.6171111111111112	0.3857142857142857	0.0	0.773223261831207	VUS	VUS	AGREE	0.3085555555555556	0.3857142857142857	0.0	0.5334589805944959	VUS	VUS	AGREE	MUSCULAR_DYSTROPHY	0.5	1.0	0.0	2.857	False	VUS	DN(weight=0.5,raw=0.62)	True	0.3214285714285714	0.75	0.0	0.0	0.8	1.0	1.2	1.0	Starting with highest filtered score: 0.386 | Applied synergy: Weak mixed mechanism synergy: LOF+DN = sqrt(0.39² + 0.31²) * 1.080 (balance 0.80, context 1.00) = 0.533 | Applied damped conservation (multiplier: 1.00x). Score changed from 0.533 to 0.533	None
SGCG	p.G208S	missense	NC_000013.11:g.23320680G>A	0.0	SUCCESS	vus					VUS	0.28488888888888897	0.42000000000000004	0.09065	0.42000000000000004	VUS	VUS	AGREE	0.14244444444444448	0.42000000000000004	0.0	0.42000000000000004	VUS-P	VUS	AGREE	MUSCULAR_DYSTROPHY	0.5	1.0	0.0	7.533	True	VUS		False	0.35000000000000003	0.55	0.0	0.4	1.0	1.0	1.2	1.0	Starting with highest filtered score: 0.420 | Applied damped conservation (multiplier: 1.00x). Score changed from 0.420 to 0.420	None
SGCG	p.G208V	missense	NC_000013.11:g.23320681G>T	0.0	SUCCESS	vus					VUS	0.37600000000000006	0.4469219440353462	0.26543999999999995	0.6331874860239785	VUS	VUS	AGREE	0.18800000000000003	0.4469219440353462	0.0	0.4469219440353462	VUS-P	VUS	AGREE	MUSCULAR_DYSTROPHY	0.5	1.0	0.0	11.763	True	VUS		True	0.3724349533627885	0.55	0.07852233676975945	0.4	1.0	1.0	1.2	1.0	Starting with highest filtered score: 0.447 | Applied damped conservation (multiplier: 1.00x). Score changed from 0.447 to 0.447	None
SGCG	p.V209L	missense	NC_000013.11:g.23320683G>T	0.0	SUCCESS	vus					VUS	0.28488888888888897	0.2057142857142857	0.0	0.28488888888888897	VUS	VUS	AGREE	0.14244444444444448	0.2057142857142857	0.0	0.2057142857142857	LB	LB	BETTER_DATA_to_benign	MUSCULAR_DYSTROPHY	0.5	1.0	0.0	0.599	False	LB		False	0.17142857142857143	0.4	0.0	0.0	0.5	1.0	1.2	1.0	Starting with highest filtered score: 0.206 | Applied damped conservation (multiplier: 1.00x). Score changed from 0.206 to 0.206	None
SGCG	p.H210R	missense	NC_000013.11:g.23320687A>G	0.0	SUCCESS	vus					VUS	0.30488888888888893	0.10285714285714286	0.0	0.30488888888888893	VUS	VUS	AGREE	0.15244444444444447	0.10285714285714286	0.0	0.15244444444444447	B	B	BETTER_DATA_to_benign	MUSCULAR_DYSTROPHY	0.5	1.0	0.0	4.708	False	B		False	0.08571428571428572	0.2	0.0	0.0	0.8	1.0	1.2	1.0	Starting with highest filtered score: 0.152 | Applied damped conservation (multiplier: 1.00x). Score changed from 0.152 to 0.152	None
SGCG	p.A213P	missense	NC_000013.11:g.23320695G>C	0.0	SUCCESS	vus					VUS	0.9433981132056605	0.23204712812960235	0.504617142857143	1.0	LP	LP	BETTER_DATA_to_pathogenic	0.47169905660283024	0.23204712812960235	0.0	0.47169905660283024	VUS-P	VUS	AGREE	MUSCULAR_DYSTROPHY	0.5	1.0	0.0	8.604	True	VUS	DN(weight=0.5,raw=0.94); GOF(weight=0.0,raw=0.50)	True	0.19337260677466864	0.4	0.07680412371134021	0.0	0.5	1.0	1.2	1.1	Starting with highest filtered score: 0.472 | Applied damped conservation (multiplier: 1.00x). Score changed from 0.472 to 0.472	None
SGCG	p.A213S	missense	NC_000013.11:g.23320695G>T	0.0	SUCCESS	vus					VUS	0.8	0.2057142857142857	0.0	0.8	LP	LP	BETTER_DATA_to_pathogenic	0.4	0.2057142857142857	0.0	0.4	VUS-P	VUS	AGREE	MUSCULAR_DYSTROPHY	0.5	1.0	0.0	8.604	True	VUS	DN(weight=0.5,raw=0.80)	False	0.17142857142857143	0.4	0.0	0.0	0.5	1.0	1.2	1.0	Starting with highest filtered score: 0.400 | Applied damped conservation (multiplier: 1.00x). Score changed from 0.400 to 0.400	None
SGCG	p.A215T	missense	NC_000013.11:g.23320701G>A	0.0	SUCCESS	vus					VUS	0.3315555555555556	0.2057142857142857	0.0	0.3315555555555556	VUS	VUS	AGREE	0.1657777777777778	0.2057142857142857	0.0	0.2057142857142857	LB	LB	BETTER_DATA_to_benign	MUSCULAR_DYSTROPHY	0.5	1.0	0.0	2.724	False	LB		False	0.17142857142857143	0.4	0.0	0.0	0.5	1.0	1.2	1.0	Starting with highest filtered score: 0.206 | Applied damped conservation (multiplier: 1.00x). Score changed from 0.206 to 0.206	None
SGCG	p.A215S	missense	NC_000013.11:g.23320701G>T	0.0	SUCCESS	vus					VUS	0.33377777777777784	0.2057142857142857	0.0	0.33377777777777784	VUS	VUS	AGREE	0.16688888888888892	0.2057142857142857	0.0	0.2057142857142857	LB	LB	BETTER_DATA_to_benign	MUSCULAR_DYSTROPHY	0.5	1.0	0.0	2.724	False	LB		False	0.17142857142857143	0.4	0.0	0.0	0.5	1.0	1.2	1.0	Starting with highest filtered score: 0.206 | Applied damped conservation (multiplier: 1.00x). Score changed from 0.206 to 0.206	None
SGCG	p.G216E	missense	NC_000013.11:g.23320705G>A	0.0	SUCCESS	vus					VUS	0.8	0.42000000000000004	0.19500000000000003	0.9509848592380429	LP	LP	BETTER_DATA_to_pathogenic	0.4	0.42000000000000004	0.0	0.6352380952380954	VUS-P	VUS	AGREE	MUSCULAR_DYSTROPHY	0.5	1.0	0.0	9.88	True	VUS	DN(weight=0.5,raw=0.80)	True	0.35000000000000003	0.55	0.0	0.4	1.0	1.0	1.2	1.0	Starting with highest filtered score: 0.420 | Applied synergy: Weak mixed mechanism synergy: LOF+DN = sqrt(0.42² + 0.40²) * 1.095 (balance 0.95, context 1.00) = 0.635 | Applied damped conservation (multiplier: 1.00x). Score changed from 0.635 to 0.635	None
SGCG	p.K217*	nonsense	NC_000013.11:g.23320707A>T	0.0	SUCCESS	pathogenic					P	0.0	0.0	0.0			NA	NA	0.0	0.0	0.0	2.0	P	P	AGREE									False									Nonsense variant (K217*): Premature protein termination - Auto-Pathogenic	
SGCG	p.I218T	missense	NC_000013.11:g.23320711T>C	0.0	SUCCESS	vus					VUS	0.37600000000000006	0.2057142857142857	0.0	0.37600000000000006	VUS	VUS	AGREE	0.18800000000000003	0.2057142857142857	0.0	0.2057142857142857	LB	LB	BETTER_DATA_to_benign	MUSCULAR_DYSTROPHY	0.5	1.0	0.0	4.175	False	LB		False	0.17142857142857143	0.4	0.0	0.0	0.5	1.0	1.2	1.0	Starting with highest filtered score: 0.206 | Applied damped conservation (multiplier: 1.00x). Score changed from 0.206 to 0.206	None
SGCG	p.E219K	missense	NC_000013.11:g.23320713G>A	0.0	SUCCESS	vus					VUS	0.784888888888889	0.2057142857142857	0.4428	0.9520188868236845	LP	LP	BETTER_DATA_to_pathogenic	0.3924444444444445	0.2057142857142857	0.0	0.3924444444444445	VUS	VUS	AGREE	MUSCULAR_DYSTROPHY	0.5	1.0	0.0	0.902	False	VUS	DN(weight=0.5,raw=0.78); GOF(weight=0.0,raw=0.44)	True	0.17142857142857143	0.4	0.0	0.0	0.8	1.0	1.2	1.0	Starting with highest filtered score: 0.392 | Applied damped conservation (multiplier: 1.00x). Score changed from 0.392 to 0.392	None
SGCG	p.A220V	missense	NC_000013.11:g.23320717C>T	0.0	SUCCESS	vus					VUS	0.32933333333333337	0.2057142857142857	0.0	0.32933333333333337	VUS	VUS	AGREE	0.16466666666666668	0.2057142857142857	0.0	0.2057142857142857	LB	LB	BETTER_DATA_to_benign	MUSCULAR_DYSTROPHY	0.5	1.0	0.0	0.129	False	LB		False	0.17142857142857143	0.4	0.0	0.0	0.5	1.0	1.2	1.0	Starting with highest filtered score: 0.206 | Applied damped conservation (multiplier: 1.00x). Score changed from 0.206 to 0.206	None
SGCG	p.L221P	missense	NC_000013.11:g.23320720T>C	0.0	SUCCESS	vus					VUS	0.6260000000000001	0.3085714285714286	0.2828571428571429	0.732322263904666	VUS	VUS	AGREE	0.31300000000000006	0.3085714285714286	0.0	0.4828595005996277	VUS-P	VUS	AGREE	MUSCULAR_DYSTROPHY	0.5	1.0	0.0	6.131	True	VUS	DN(weight=0.5,raw=0.63)	True	0.2571428571428572	0.6000000000000001	0.0	0.0	0.5	1.0	1.2	1.1	Starting with highest filtered score: 0.313 | Applied synergy: Weak mixed mechanism synergy: DN+LOF = sqrt(0.31² + 0.31²) * 1.099 (balance 0.99, context 1.00) = 0.483 | Applied damped conservation (multiplier: 1.00x). Score changed from 0.483 to 0.483	None
SGCG	p.M224V	missense	NC_000013.11:g.23320728A>G	0.0	SUCCESS	vus					VUS	0.3271111111111112	0.2057142857142857	0.0	0.3271111111111112	VUS	VUS	AGREE	0.1635555555555556	0.2057142857142857	0.0	0.2057142857142857	VUS	VUS	AGREE	MUSCULAR_DYSTROPHY	0.5	1.0	0.0	5.392	True	LB		False	0.17142857142857143	0.4	0.0	0.0	0.5	1.0	1.2	1.0	Starting with highest filtered score: 0.206 | Applied damped conservation (multiplier: 1.00x). Score changed from 0.206 to 0.206	None
SGCG	p.M224I	missense	NC_000013.11:g.23320730G>T	0.0	SUCCESS	vus					VUS	0.33377777777777784	0.2057142857142857	0.0	0.33377777777777784	VUS	VUS	AGREE	0.16688888888888892	0.2057142857142857	0.0	0.2057142857142857	VUS	VUS	AGREE	MUSCULAR_DYSTROPHY	0.5	1.0	0.0	11.763	True	LB		False	0.17142857142857143	0.4	0.0	0.0	0.5	1.0	1.2	1.0	Starting with highest filtered score: 0.206 | Applied damped conservation (multiplier: 1.00x). Score changed from 0.206 to 0.206	None
SGCG	p.F228C	missense	NC_000013.11:g.23320741T>G	0.0	SUCCESS	vus					VUS	0.5	0.3342857142857143	0.33743999999999996	0.6439224887264222	VUS	VUS	AGREE	0.25	0.3342857142857143	0.0	0.3342857142857143	VUS-P	VUS	AGREE	MUSCULAR_DYSTROPHY	0.5	1.0	0.0	7.838	True	VUS	DN(weight=0.5,raw=0.50)	True	0.2785714285714286	0.65	0.0	0.0	0.8	1.0	1.2	1.0	Starting with highest filtered score: 0.334 | Applied damped conservation (multiplier: 1.00x). Score changed from 0.334 to 0.334	None
SGCG	p.S230R	missense	NC_000013.11:g.23320748T>A	0.0	SUCCESS	pathogenic					P	0.8	0.3085714285714286	0.8559	1.0	LP	LP	AGREE	0.4	0.3085714285714286	0.0	0.5441611501517212	VUS	VUS	CAUTIOUS	MUSCULAR_DYSTROPHY	0.5	1.0	0.0	-2.251	False	VUS	DN(weight=0.5,raw=0.80); GOF(weight=0.0,raw=0.86)	True	0.2571428571428572	0.6	0.0	0.0	0.2	1.0	1.2	1.0	Starting with highest filtered score: 0.400 | Applied synergy: Weak mixed mechanism synergy: DN+LOF = sqrt(0.40² + 0.31²) * 1.077 (balance 0.77, context 1.00) = 0.544 | Applied damped conservation (multiplier: 1.00x). Score changed from 0.544 to 0.544	None
SGCG	p.S231T	missense	NC_000013.11:g.23320750G>C	0.0	SUCCESS	vus					VUS	0.27822222222222226	0.2057142857142857	0.0	0.27822222222222226	VUS	VUS	AGREE	0.13911111111111113	0.2057142857142857	0.0	0.2057142857142857	LB	LB	BETTER_DATA_to_benign	MUSCULAR_DYSTROPHY	0.5	1.0	0.0	4.357	False	LB		False	0.17142857142857143	0.4	0.0	0.0	0.2	1.0	1.2	1.0	Starting with highest filtered score: 0.206 | Applied damped conservation (multiplier: 1.00x). Score changed from 0.206 to 0.206	None
SGCG	p.L235F	missense	NC_000013.11:g.23324368C>T	0.0	SUCCESS	vus					VUS	0.2982222222222223	0.2057142857142857	0.09880000000000001	0.2982222222222223	VUS	VUS	AGREE	0.14911111111111114	0.2057142857142857	0.0	0.2057142857142857	LB	LB	BETTER_DATA_to_benign	MUSCULAR_DYSTROPHY	0.5	1.0	0.0	0.82	False	LB		False	0.17142857142857143	0.4	0.0	0.0	0.5	1.0	1.2	1.0	Starting with highest filtered score: 0.206 | Applied damped conservation (multiplier: 1.00x). Score changed from 0.206 to 0.206	None
SGCG	p.V236M	missense	NC_000013.11:g.23324371G>A	0.0	SUCCESS	vus					VUS	0.3271111111111112	0.2057142857142857	0.0	0.3271111111111112	VUS	VUS	AGREE	0.1635555555555556	0.2057142857142857	0.0	0.2057142857142857	LB	LB	BETTER_DATA_to_benign	MUSCULAR_DYSTROPHY	0.5	1.0	0.0	1.334	False	LB		False	0.17142857142857143	0.4	0.0	0.0	0.5	1.0	1.2	1.0	Starting with highest filtered score: 0.206 | Applied damped conservation (multiplier: 1.00x). Score changed from 0.206 to 0.206	None
SGCG	p.V236A	missense	NC_000013.11:g.23324372T>C	0.0	SUCCESS	vus					VUS	0.32933333333333337	0.2057142857142857	0.0	0.32933333333333337	VUS	VUS	AGREE	0.16466666666666668	0.2057142857142857	0.0	0.2057142857142857	LB	LB	BETTER_DATA_to_benign	MUSCULAR_DYSTROPHY	0.5	1.0	0.0	0.909	False	LB		False	0.17142857142857143	0.4	0.0	0.0	0.5	1.0	1.2	1.0	Starting with highest filtered score: 0.206 | Applied damped conservation (multiplier: 1.00x). Score changed from 0.206 to 0.206	None
SGCG	p.A239V	missense	NC_000013.11:g.23324381C>T	0.0	SUCCESS	vus					VUS	0.32933333333333337	0.2057142857142857	0.0	0.32933333333333337	VUS	VUS	AGREE	0.16466666666666668	0.2057142857142857	0.0	0.2057142857142857	VUS	VUS	AGREE	MUSCULAR_DYSTROPHY	0.5	1.0	0.0	7.622	True	LB		False	0.17142857142857143	0.4	0.0	0.0	0.5	1.0	1.2	1.0	Starting with highest filtered score: 0.206 | Applied damped conservation (multiplier: 1.00x). Score changed from 0.206 to 0.206	None
SGCG	p.T241I	missense	NC_000013.11:g.23324387C>T	0.0	SUCCESS	vus					VUS	0.37600000000000006	0.2057142857142857	0.5827499999999999	0.7382698062795101	VUS	VUS	AGREE	0.18800000000000003	0.2057142857142857	0.0	0.2057142857142857	LB	LB	BETTER_DATA_to_benign	MUSCULAR_DYSTROPHY	0.5	1.0	0.0	3.958	False	LB	GOF(weight=0.0,raw=0.58)	True	0.17142857142857143	0.4	0.0	0.0	0.2	1.0	1.2	1.0	Starting with highest filtered score: 0.206 | Applied damped conservation (multiplier: 1.00x). Score changed from 0.206 to 0.206	None
SGCG	p.P245L	missense	NC_000013.11:g.23324399C>T	0.0	SUCCESS	vus					VUS	0.37600000000000006	0.43200000000000005	0.0	0.6225600714180163	VUS	VUS	AGREE	0.18800000000000003	0.43200000000000005	0.0	0.43200000000000005	VUS	VUS	AGREE	MUSCULAR_DYSTROPHY	0.5	1.0	0.0	4.851	False	VUS		True	0.36000000000000004	0.6000000000000001	0.0	0.3	1.0	1.0	1.2	1.2	Starting with highest filtered score: 0.432 | Applied damped conservation (multiplier: 1.00x). Score changed from 0.432 to 0.432	None
SGCG	p.L247P	missense	NC_000013.11:g.23324405T>C	0.0	SUCCESS	vus					VUS	0.6260000000000001	0.3085714285714286	0.20051428571428573	0.732322263904666	VUS	VUS	AGREE	0.31300000000000006	0.3085714285714286	0.0	0.4828595005996277	VUS-P	VUS	AGREE	MUSCULAR_DYSTROPHY	0.5	1.0	0.0	7.837	True	VUS	DN(weight=0.5,raw=0.63)	True	0.2571428571428572	0.6000000000000001	0.0	0.0	0.5	1.0	1.2	1.1	Starting with highest filtered score: 0.313 | Applied synergy: Weak mixed mechanism synergy: DN+LOF = sqrt(0.31² + 0.31²) * 1.099 (balance 0.99, context 1.00) = 0.483 | Applied damped conservation (multiplier: 1.00x). Score changed from 0.483 to 0.483	None
SGCG	p.V248A	missense	NC_000013.11:g.23324408T>C	0.0	SUCCESS	vus					VUS	0.32933333333333337	0.2057142857142857	0.0	0.32933333333333337	VUS	VUS	AGREE	0.16466666666666668	0.2057142857142857	0.0	0.2057142857142857	LB	LB	BETTER_DATA_to_benign	MUSCULAR_DYSTROPHY	0.5	1.0	0.0	-2.258	False	LB		False	0.17142857142857143	0.4	0.0	0.0	0.5	1.0	1.2	1.0	Starting with highest filtered score: 0.206 | Applied damped conservation (multiplier: 1.00x). Score changed from 0.206 to 0.206	None
SGCG	p.G250E	missense	NC_000013.11:g.23324414G>A	0.0	SUCCESS	vus					VUS	0.5948888888888889	0.63	0.0	1.0	LP	LP	BETTER_DATA_to_pathogenic	0.29744444444444446	0.63	0.0	0.63	VUS-P	VUS	AGREE	MUSCULAR_DYSTROPHY	0.5	1.0	0.0	5.121	True	VUS	DN(weight=0.5,raw=0.59)	True	0.35000000000000003	0.55	0.0	0.4	1.0	1.5	1.2	1.0	Starting with highest filtered score: 0.630 | Applied damped conservation (multiplier: 1.00x). Score changed from 0.630 to 0.630	None
SGCG	p.G253S	missense	NC_000013.11:g.23324422G>A	0.0	SUCCESS	vus					VUS	0.28488888888888897	0.63	0.0	0.63	VUS	VUS	AGREE	0.14244444444444448	0.63	0.0	0.63	VUS	VUS	AGREE	MUSCULAR_DYSTROPHY	0.5	1.0	0.0	3.422	False	VUS		False	0.35000000000000003	0.55	0.0	0.4	1.0	1.5	1.2	1.0	Starting with highest filtered score: 0.630 | Applied damped conservation (multiplier: 1.00x). Score changed from 0.630 to 0.630	None
SGCG	p.P254H	missense	NC_000013.11:g.23324426C>A	0.0	SUCCESS	vus					VUS	0.6	0.744759941089838	0.0	1.0	LP	LP	BETTER_DATA_to_pathogenic	0.3	0.744759941089838	0.0	0.8352542476933803	LP	LP	BETTER_DATA_to_pathogenic	MUSCULAR_DYSTROPHY	0.5	1.0	0.0	2.472	False	LP	DN(weight=0.5,raw=0.60)	True	0.41375552282768785	0.6000000000000001	0.18814432989690721	0.3	1.0	1.5	1.2	1.2	Starting with highest filtered score: 0.745 | Applied synergy: Weak mixed mechanism synergy: LOF+DN = sqrt(0.74² + 0.30²) * 1.040 (balance 0.40, context 1.00) = 0.835 | Applied damped conservation (multiplier: 1.00x). Score changed from 0.835 to 0.835	None
SGCG	p.P254L	missense	NC_000013.11:g.23324426C>T	0.0	SUCCESS	vus					VUS	0.37600000000000006	0.648	0.0	0.792657524666136	LP	LP	BETTER_DATA_to_pathogenic	0.18800000000000003	0.648	0.0	0.648	VUS	VUS	AGREE	MUSCULAR_DYSTROPHY	0.5	1.0	0.0	2.472	False	VUS		True	0.36000000000000004	0.6000000000000001	0.0	0.3	1.0	1.5	1.2	1.2	Starting with highest filtered score: 0.648 | Applied damped conservation (multiplier: 1.00x). Score changed from 0.648 to 0.648	None
SGCG	p.L261V	missense	NC_000013.11:g.23324446C>G	0.0	SUCCESS	vus					VUS	0.28488888888888897	0.2057142857142857	0.0	0.28488888888888897	VUS	VUS	AGREE	0.14244444444444448	0.2057142857142857	0.0	0.2057142857142857	LB	LB	BETTER_DATA_to_benign	MUSCULAR_DYSTROPHY	0.5	1.0	0.0	3.99	False	LB		False	0.17142857142857143	0.4	0.0	0.0	0.5	1.0	1.2	1.0	Starting with highest filtered score: 0.206 | Applied damped conservation (multiplier: 1.00x). Score changed from 0.206 to 0.206	None
SGCG	p.Y262H	missense	NC_000013.11:g.23324449T>C	0.0	SUCCESS	vus					VUS	0.8	0.2057142857142857	0.33966250000000003	0.9060215574127846	LP	LP	BETTER_DATA_to_pathogenic	0.4	0.2057142857142857	0.0	0.4	VUS-P	VUS	AGREE	MUSCULAR_DYSTROPHY	0.5	1.0	0.0	6.134	True	VUS	DN(weight=0.5,raw=0.80)	True	0.17142857142857143	0.4	0.0	0.0	0.8	1.0	1.2	1.0	Starting with highest filtered score: 0.400 | Applied damped conservation (multiplier: 1.00x). Score changed from 0.400 to 0.400	None
SGCG	p.Y262C	missense	NC_000013.11:g.23324450A>G	0.0	SUCCESS	vus					VUS	0.8	0.3342857142857143	0.33966250000000003	0.9060215574127846	LP	LP	BETTER_DATA_to_pathogenic	0.4	0.3342857142857143	0.0	0.5648587691409113	VUS-P	VUS	AGREE	MUSCULAR_DYSTROPHY	0.5	1.0	0.0	7.974	True	VUS	DN(weight=0.5,raw=0.80)	True	0.2785714285714286	0.65	0.0	0.0	0.8	1.0	1.2	1.0	Starting with highest filtered score: 0.400 | Applied synergy: Weak mixed mechanism synergy: DN+LOF = sqrt(0.40² + 0.33²) * 1.084 (balance 0.84, context 1.00) = 0.565 | Applied damped conservation (multiplier: 1.00x). Score changed from 0.565 to 0.565	None
SGCG	p.Y262*	nonsense	NC_000013.11:g.23324451C>G	0.0	SUCCESS	other					NA	0.0	0.0	0.0			NA	NA	0.0	0.0	0.0	2.0	P	P	NA									False									Nonsense variant (Y262*): Premature protein termination - Auto-Pathogenic	
SGCG	p.E263K	missense	NC_000013.11:g.23324452G>A	0.0	SUCCESS	pathogenic					P	0.784888888888889	0.2057142857142857	0.369	0.9080757704778728	LP	LP	AGREE	0.3924444444444445	0.2057142857142857	0.0	0.3924444444444445	VUS-P	VUS	CAUTIOUS	MUSCULAR_DYSTROPHY	0.5	1.0	0.0	11.751	True	VUS	DN(weight=0.5,raw=0.78)	True	0.17142857142857143	0.4	0.0	0.0	0.8	1.0	1.2	1.0	Starting with highest filtered score: 0.392 | Applied damped conservation (multiplier: 1.00x). Score changed from 0.392 to 0.392	None
SGCG	p.I264M	missense	NC_000013.11:g.23324457C>G	0.0	SUCCESS	vus					VUS	0.33377777777777784	0.2057142857142857	0.0	0.33377777777777784	VUS	VUS	AGREE	0.16688888888888892	0.2057142857142857	0.0	0.2057142857142857	LB	LB	BETTER_DATA_to_benign	MUSCULAR_DYSTROPHY	0.5	1.0	0.0	-2.707	False	LB		False	0.17142857142857143	0.4	0.0	0.0	0.5	1.0	1.2	1.0	Starting with highest filtered score: 0.206 | Applied damped conservation (multiplier: 1.00x). Score changed from 0.206 to 0.206	None
SGCG	p.V266L	missense	NC_000013.11:g.23324461G>T	0.0	SUCCESS	vus					VUS	0.28488888888888897	0.2057142857142857	0.0	0.28488888888888897	VUS	VUS	AGREE	0.14244444444444448	0.2057142857142857	0.0	0.2057142857142857	VUS	VUS	AGREE	MUSCULAR_DYSTROPHY	0.5	1.0	0.0	9.847	True	LB		False	0.17142857142857143	0.4	0.0	0.0	0.5	1.0	1.2	1.0	Starting with highest filtered score: 0.206 | Applied damped conservation (multiplier: 1.00x). Score changed from 0.206 to 0.206	None
SGCG	p.C267S	missense	NC_000013.11:g.23324465G>C	0.0	SUCCESS	other					NA	0.5493333333333335	0.5057142857142858	0.0	0.8841447250828226	LP	LP	NA	0.2746666666666667	0.5057142857142858	0.0	0.5057142857142858	VUS-P	VUS	NA	MUSCULAR_DYSTROPHY	0.5	1.0	0.0	11.751	True	VUS	DN(weight=0.5,raw=0.55)	True	0.4214285714285715	0.65	0.0	0.5	1.0	1.0	1.2	1.0	Starting with highest filtered score: 0.506 | Applied damped conservation (multiplier: 1.00x). Score changed from 0.506 to 0.506	None
SGCG	p.P268L	missense	NC_000013.11:g.23324468C>T	0.0	SUCCESS	vus					VUS	0.37600000000000006	0.43200000000000005	0.0	0.6225600714180163	VUS	VUS	AGREE	0.18800000000000003	0.43200000000000005	0.0	0.43200000000000005	VUS-P	VUS	AGREE	MUSCULAR_DYSTROPHY	0.5	1.0	0.0	5.923	True	VUS		True	0.36000000000000004	0.6000000000000001	0.0	0.3	1.0	1.0	1.2	1.2	Starting with highest filtered score: 0.432 | Applied damped conservation (multiplier: 1.00x). Score changed from 0.432 to 0.432	None
SGCG	p.G270R	missense	NC_000013.11:g.23324473G>A	0.0	SUCCESS	vus					VUS	0.6171111111111112	0.5228571428571428	0.0	0.9458886170103448	LP	LP	BETTER_DATA_to_pathogenic	0.3085555555555556	0.5228571428571428	0.0	0.642940713728979	VUS-P	VUS	AGREE	MUSCULAR_DYSTROPHY	0.5	1.0	0.0	11.746	True	VUS	DN(weight=0.5,raw=0.62)	True	0.4357142857142857	0.75	0.0	0.4	1.0	1.0	1.2	1.0	Starting with highest filtered score: 0.523 | Applied synergy: Weak mixed mechanism synergy: LOF+DN = sqrt(0.52² + 0.31²) * 1.059 (balance 0.59, context 1.00) = 0.643 | Applied damped conservation (multiplier: 1.00x). Score changed from 0.643 to 0.643	None
SGCG	p.L272R	missense	NC_000013.11:g.23324480T>G	0.0	SUCCESS	vus					VUS	1.0	0.3279528718703977	0.0	1.0	LP	LP	BETTER_DATA_to_pathogenic	0.5	0.3279528718703977	0.0	0.6371777995704698	VUS-P	VUS	AGREE	MUSCULAR_DYSTROPHY	0.5	1.0	0.0	7.834	True	VUS	DN(weight=0.5,raw=1.00)	False	0.27329405989199806	0.6	0.05652920962199313	0.0	0.5	1.0	1.2	1.0	Starting with highest filtered score: 0.500 | Applied synergy: Weak mixed mechanism synergy: DN+LOF = sqrt(0.50² + 0.33²) * 1.066 (balance 0.66, context 1.00) = 0.637 | Applied damped conservation (multiplier: 1.00x). Score changed from 0.637 to 0.637	None
SGCG	p.Y273N	missense	NC_000013.11:g.23324482T>A	0.0	SUCCESS	vus					VUS	0.32488888888888895	0.288	0.33966250000000003	0.5149830149689754	VUS	VUS	AGREE	0.16244444444444447	0.288	0.0	0.288	VUS-P	VUS	AGREE	MUSCULAR_DYSTROPHY	0.5	1.0	0.0	7.834	True	VUS		True	0.17142857142857143	0.4	0.0	0.0	0.8	1.4	1.2	1.0	Starting with highest filtered score: 0.288 | Applied damped conservation (multiplier: 1.00x). Score changed from 0.288 to 0.288	None
SGCG	p.L274P	missense	NC_000013.11:g.23324486T>C	0.0	SUCCESS	vus					VUS	0.6260000000000001	0.43200000000000005	0.2316285714285715	0.8130800041708918	LP	LP	BETTER_DATA_to_pathogenic	0.31300000000000006	0.43200000000000005	0.0	0.5721246506664954	VUS-P	VUS	AGREE	MUSCULAR_DYSTROPHY	0.5	1.0	0.0	5.022	True	VUS	DN(weight=0.5,raw=0.63)	True	0.2571428571428572	0.6000000000000001	0.0	0.0	0.5	1.4	1.2	1.1	Starting with highest filtered score: 0.432 | Applied synergy: Weak mixed mechanism synergy: LOF+DN = sqrt(0.43² + 0.31²) * 1.072 (balance 0.72, context 1.00) = 0.572 | Applied damped conservation (multiplier: 1.00x). Score changed from 0.572 to 0.572	None
SGCG	p.S275F	missense	NC_000013.11:g.23324489C>T	0.0	SUCCESS	vus					VUS	0.35600000000000004	0.314639175257732	0.34618750000000004	0.5448583164455769	VUS	VUS	AGREE	0.17800000000000002	0.314639175257732	0.0	0.314639175257732	VUS-P	VUS	AGREE	MUSCULAR_DYSTROPHY	0.5	1.0	0.0	5.918	True	VUS		True	0.18728522336769762	0.4	0.055498281786941585	0.0	0.2	1.4	1.2	1.0	Starting with highest filtered score: 0.315 | Applied damped conservation (multiplier: 1.00x). Score changed from 0.315 to 0.315	None
SGCG	p.G278S	missense	NC_000013.11:g.23324497G>A	0.0	SUCCESS	other					NA	0.5199222222222224	1.0731000000000002	0.0	1.0731000000000002	LP	LP	NA	0.2599611111111112	1.0731000000000002	0.0	1.0731000000000002	LP	LP	NA	MUSCULAR_DYSTROPHY	0.5	1.0	0.0	0.877	False	LP	DN(weight=0.5,raw=0.52)	False	0.35000000000000003	0.55	0.0	0.4	1.0	1.4	1.2	1.0	Starting with highest filtered score: 1.073 | Applied damped conservation (multiplier: 1.00x). Score changed from 1.073 to 1.073	None
SGCG	p.G278D	missense	NC_000013.11:g.23324498G>A	0.0	SUCCESS	vus					VUS	1.0856722222222224	1.0731000000000002	0.0	1.0856722222222224	LP	LP	BETTER_DATA_to_pathogenic	0.5428361111111112	1.0731000000000002	0.0	1.0731000000000002	LP	LP	BETTER_DATA_to_pathogenic	MUSCULAR_DYSTROPHY	0.5	1.0	0.0	1.704	False	LP	DN(weight=0.5,raw=1.09)	False	0.35000000000000003	0.55	0.0	0.4	1.0	1.4	1.2	1.0	Starting with highest filtered score: 1.073 | Applied damped conservation (multiplier: 1.00x). Score changed from 1.073 to 1.073	None
SGCG	p.T281A	missense	NC_000013.11:g.23324506A>G	0.0	SUCCESS	vus					VUS	0.6631111111111112	0.576	0.0	1.0	LP	LP	BETTER_DATA_to_pathogenic	0.3315555555555556	0.576	0.0	0.7028650137373605	VUS	VUS	AGREE	MUSCULAR_DYSTROPHY	0.5	1.0	0.0	4.94	False	VUS	DN(weight=0.5,raw=0.66)	True	0.17142857142857143	0.4	0.0	0.0	0.2	1.4	1.2	1.0	Starting with highest filtered score: 0.576 | Applied synergy: Weak mixed mechanism synergy: LOF+DN = sqrt(0.58² + 0.33²) * 1.058 (balance 0.58, context 1.00) = 0.703 | Applied damped conservation (multiplier: 1.00x). Score changed from 0.703 to 0.703	None
SGCG	p.C283Y	missense	NC_000013.11:g.23324513G>A	0.0	SUCCESS	pathogenic					P	0.9	0.4214285714285715	0.119275	1.0	LP	LP	AGREE	0.45	0.4214285714285715	0.0	0.674262137733815	VUS-P	VUS	CAUTIOUS	MUSCULAR_DYSTROPHY	0.5	1.0	0.0	11.746	True	VUS	DN(weight=0.5,raw=0.90)	True	0.4214285714285715	0.65	0.0	0.5	1.0	1.0	1.0	1.0	Starting with highest filtered score: 0.450 | Applied synergy: Weak mixed mechanism synergy: DN+LOF = sqrt(0.45² + 0.42²) * 1.094 (balance 0.94, context 1.00) = 0.674 | Applied damped conservation (multiplier: 1.00x). Score changed from 0.674 to 0.674	None
SGCG	p.N287T	missense	NC_000013.11:g.23324525A>C	0.0	SUCCESS	benign					B	0.3382222222222223	0.17142857142857143	0.0	0.3382222222222223	VUS	VUS	CAUTIOUS	0.16911111111111116	0.17142857142857143	0.0	0.17142857142857143	VUS	VUS	CAUTIOUS	MUSCULAR_DYSTROPHY	0.5	1.0	0.0	8.522	True	B		False	0.17142857142857143	0.4	0.0	0.0	0.5	1.0	1.0	1.0	Starting with highest filtered score: 0.171 | Applied damped conservation (multiplier: 1.00x). Score changed from 0.171 to 0.171 | Conservation floor: phyloP 8.5 ≥ 5.0 at ultra-conserved position — clamped LB → VUS	None
SGCG	p.N287S	missense	NC_000013.11:g.23324525A>G	0.0	SUCCESS	benign					B	0.3360000000000001	0.17142857142857143	0.0	0.3360000000000001	VUS	VUS	CAUTIOUS	0.16800000000000004	0.17142857142857143	0.0	0.17142857142857143	VUS	VUS	CAUTIOUS	MUSCULAR_DYSTROPHY	0.5	1.0	0.0	8.522	True	B		False	0.17142857142857143	0.4	0.0	0.0	0.5	1.0	1.0	1.0	Starting with highest filtered score: 0.171 | Applied damped conservation (multiplier: 1.00x). Score changed from 0.171 to 0.171 | Conservation floor: phyloP 8.5 ≥ 5.0 at ultra-conserved position — clamped LB → VUS	None
SGCG	p.C290G	missense	NC_000013.11:g.23324533T>G	0.0	SUCCESS	benign					B	0.5404444444444445	0.4857142857142857	0.0	0.7919400610015948	LP	LP	DISAGREE	0.27022222222222225	0.4857142857142857	0.0	0.4857142857142857	VUS	VUS	CAUTIOUS	MUSCULAR_DYSTROPHY	0.5	1.0	0.0	-0.003	False	VUS	DN(weight=0.5,raw=0.54)	True	0.4857142857142857	0.8	0.0	0.5	1.0	1.0	1.0	1.0	Starting with highest filtered score: 0.486 | Applied damped conservation (multiplier: 1.00x). Score changed from 0.486 to 0.486	None
