HGVS	dbSNP	gnomAD frequency	ClinVar_significance	Review_status
NC_000007.14:g.143315964G>A		0.0	Likely_benign	criteria_provided,_single_submitter
NC_000007.14:g.143316078T>G		0.0	Benign	criteria_provided,_multiple_submitters,_no_conflicts
NC_000007.14:g.143316192C>T		0.0	Benign/Likely_benign	criteria_provided,_multiple_submitters,_no_conflicts
NC_000007.14:g.143316197C>G		0.0	Benign	criteria_provided,_multiple_submitters,_no_conflicts
NC_000007.14:g.143316197_143316199delinsGGA		0.0	Benign	criteria_provided,_single_submitter
NC_000007.14:g.143316198T>G		0.0	Benign	criteria_provided,_multiple_submitters,_no_conflicts
NC_000007.14:g.143316199C>A		0.0	Benign	criteria_provided,_multiple_submitters,_no_conflicts
NC_000007.14:g.143316221A>G		0.0	Likely_benign	criteria_provided,_single_submitter
NC_000007.14:g.143316227G>T		0.0	Likely_benign	criteria_provided,_single_submitter
NC_000007.14:g.143316230A>G		0.0	Likely_benign	criteria_provided,_single_submitter
NC_000007.14:g.143316236G>A		0.0	Likely_benign	criteria_provided,_single_submitter
NC_000007.14:g.143316238G>A		0.0	Benign/Likely_benign	criteria_provided,_multiple_submitters,_no_conflicts
NC_000007.14:g.143316245T>C		0.0	Likely_benign	criteria_provided,_single_submitter
NC_000007.14:g.143316269C>T		0.0	Likely_benign	criteria_provided,_single_submitter
NC_000007.14:g.143316281G>A		0.0	Likely_benign	criteria_provided,_single_submitter
NC_000007.14:g.143316298A>C		0.0	Benign/Likely_benign	criteria_provided,_multiple_submitters,_no_conflicts
NC_000007.14:g.143316311C>T		0.0	Likely_benign	criteria_provided,_single_submitter
NC_000007.14:g.143316317G>C		0.0	Likely_benign	criteria_provided,_single_submitter
NC_000007.14:g.143316320C>G		0.0	Likely_benign	criteria_provided,_single_submitter
NC_000007.14:g.143316320C>T		0.0	Likely_benign	criteria_provided,_single_submitter
NC_000007.14:g.143316332G>A		0.0	Likely_benign	criteria_provided,_single_submitter
NC_000007.14:g.143316332G>C		0.0	Likely_benign	criteria_provided,_multiple_submitters,_no_conflicts
NC_000007.14:g.143316344C>T		0.0	Likely_benign	criteria_provided,_single_submitter
NC_000007.14:g.143316347G>A		0.0	Likely_benign	criteria_provided,_single_submitter
NC_000007.14:g.143316356G>A		0.0	Likely_benign	criteria_provided,_single_submitter
NC_000007.14:g.143316359T>C		0.0	Likely_benign	criteria_provided,_single_submitter
NC_000007.14:g.143316365C>T		0.0	Likely_benign	criteria_provided,_single_submitter
NC_000007.14:g.143316377C>T		0.0	Likely_benign	criteria_provided,_single_submitter
NC_000007.14:g.143316380C>T		0.0	Likely_benign	criteria_provided,_single_submitter
NC_000007.14:g.143316386C>G		0.0	Likely_benign	criteria_provided,_single_submitter
NC_000007.14:g.143316389A>G		0.0	Likely_benign	criteria_provided,_single_submitter
NC_000007.14:g.143316400G>T		0.0	Likely_benign	criteria_provided,_single_submitter
NC_000007.14:g.143316402T>C		0.0	Likely_benign	criteria_provided,_single_submitter
NC_000007.14:g.143316403C>T		0.0	Likely_benign	criteria_provided,_single_submitter
NC_000007.14:g.143316404T>C		0.0	Likely_benign	criteria_provided,_single_submitter
NC_000007.14:g.143316410G>A		0.0	Likely_benign	criteria_provided,_single_submitter
NC_000007.14:g.143316410G>C		0.0	Likely_benign	criteria_provided,_single_submitter
NC_000007.14:g.143319478C>T		0.0	Likely_benign	criteria_provided,_single_submitter
NC_000007.14:g.143319741C>G		0.0	Likely_benign	criteria_provided,_single_submitter
NC_000007.14:g.143319743C>G		0.0	Likely_benign	criteria_provided,_single_submitter
NC_000007.14:g.143319763C>A		0.0	Likely_benign	criteria_provided,_single_submitter
NC_000007.14:g.143319778A>G		0.0	Likely_benign	criteria_provided,_single_submitter
NC_000007.14:g.143319781C>T		0.0	Likely_benign	criteria_provided,_single_submitter
NC_000007.14:g.143319793G>A		0.0	Likely_benign	criteria_provided,_single_submitter
NC_000007.14:g.143319802A>C		0.0	Likely_benign	criteria_provided,_single_submitter
NC_000007.14:g.143319811C>T		0.0	Likely_benign	criteria_provided,_single_submitter
NC_000007.14:g.143319818A>G		0.0	Likely_benign	criteria_provided,_single_submitter
NC_000007.14:g.143319835C>A		0.0	Likely_benign	criteria_provided,_single_submitter
NC_000007.14:g.143319835C>T		0.0	Benign	criteria_provided,_multiple_submitters,_no_conflicts
NC_000007.14:g.143319847G>A		0.0	Likely_benign	criteria_provided,_single_submitter
NC_000007.14:g.143319859C>T		0.0	Likely_benign	criteria_provided,_single_submitter
NC_000007.14:g.143319888G>A		0.0	Likely_benign	criteria_provided,_single_submitter
NC_000007.14:g.143319889A>G		0.0	Likely_benign	criteria_provided,_single_submitter
NC_000007.14:g.143319902T>A		0.0	Benign	criteria_provided,_multiple_submitters,_no_conflicts
NC_000007.14:g.143320494G>T		0.0	Likely_benign	criteria_provided,_single_submitter
NC_000007.14:g.143320555CT[17]		0.0	Benign	criteria_provided,_single_submitter
NC_000007.14:g.143320555CT[18]		0.0	Likely_benign	criteria_provided,_single_submitter
NC_000007.14:g.143320555CT[20]		0.0	Likely_benign	criteria_provided,_single_submitter
NC_000007.14:g.143320555CT[22]		0.0	Likely_benign	criteria_provided,_single_submitter
NC_000007.14:g.143320555CT[15]		0.0	Benign	criteria_provided,_single_submitter
NC_000007.14:g.143320555CT[14]		0.0	Benign	criteria_provided,_single_submitter
NC_000007.14:g.143320603A>T		0.0	Benign	criteria_provided,_single_submitter
NC_000007.14:g.143320620_143320646del		0.0	Likely_benign	criteria_provided,_single_submitter
NC_000007.14:g.143320627T>C		0.0	Likely_benign	criteria_provided,_single_submitter
NC_000007.14:g.143320644T>G		0.0	Likely_benign	criteria_provided,_single_submitter
NC_000007.14:g.143320646T>C		0.0	Likely_benign	criteria_provided,_single_submitter
NC_000007.14:g.143320647C>T		0.0	Likely_benign	criteria_provided,_single_submitter
NC_000007.14:g.143320651C>T		0.0	Likely_benign	criteria_provided,_single_submitter
NC_000007.14:g.143320652A>T		0.0	Likely_benign	criteria_provided,_single_submitter
NC_000007.14:g.143320655T>G		0.0	Likely_benign	criteria_provided,_single_submitter
NC_000007.14:g.143320656C>T		0.0	Likely_benign	criteria_provided,_single_submitter
NC_000007.14:g.143320659C>T		0.0	Likely_benign	criteria_provided,_single_submitter
NC_000007.14:g.143320660C>T		0.0	Benign	criteria_provided,_multiple_submitters,_no_conflicts
NC_000007.14:g.143320678C>G		0.0	Benign/Likely_benign	criteria_provided,_multiple_submitters,_no_conflicts
NC_000007.14:g.143320686G>A		0.0	Likely_benign	criteria_provided,_single_submitter
NC_000007.14:g.143320692G>A		0.0	Likely_benign	criteria_provided,_single_submitter
NC_000007.14:g.143320704A>G		0.0	Likely_benign	criteria_provided,_single_submitter
NC_000007.14:g.143320707G>A		0.0	Likely_benign	criteria_provided,_single_submitter
NC_000007.14:g.143320714%3D		0.0	Benign	criteria_provided,_multiple_submitters,_no_conflicts
NC_000007.14:g.143320714G>T		0.0	Benign/Likely_benign	criteria_provided,_multiple_submitters,_no_conflicts
NC_000007.14:g.143320731T>C		0.0	Likely_benign	criteria_provided,_multiple_submitters,_no_conflicts
NC_000007.14:g.143320737A>C		0.0	Likely_benign	criteria_provided,_single_submitter
NC_000007.14:g.143320741C>T		0.0	Likely_benign	criteria_provided,_single_submitter
NC_000007.14:g.143320755C>T		0.0	Likely_benign	criteria_provided,_single_submitter
NC_000007.14:g.143320764C>T		0.0	Likely_benign	criteria_provided,_single_submitter
NC_000007.14:g.143320773C>T		0.0	Likely_benign	criteria_provided,_single_submitter
NC_000007.14:g.143320776C>T		0.0	Likely_benign	criteria_provided,_single_submitter
NC_000007.14:g.143320806C>A		0.0	Likely_benign	criteria_provided,_single_submitter
NC_000007.14:g.143320807C>A		0.0	Likely_benign	criteria_provided,_single_submitter
NC_000007.14:g.143320808T>C		0.0	Likely_benign	criteria_provided,_single_submitter
NC_000007.14:g.143320813C>T		0.0	Likely_benign	criteria_provided,_single_submitter
NC_000007.14:g.143320827G>A		0.0	Likely_benign	criteria_provided,_multiple_submitters,_no_conflicts
NC_000007.14:g.143320867C>G		0.0	Benign	criteria_provided,_multiple_submitters,_no_conflicts
NC_000007.14:g.143320873C>T		0.0	Likely_benign	criteria_provided,_single_submitter
NC_000007.14:g.143320945G>A		0.0	Likely_benign	criteria_provided,_single_submitter
NC_000007.14:g.143320980G>A		0.0	Likely_benign	criteria_provided,_single_submitter
NC_000007.14:g.143321351A>C		0.0	Likely_benign	criteria_provided,_single_submitter
NC_000007.14:g.143321351A>G		0.0	Likely_benign	criteria_provided,_multiple_submitters,_no_conflicts
NC_000007.14:g.143321353G>T		0.0	Likely_benign	criteria_provided,_single_submitter
NC_000007.14:g.143321355G>A		0.0	Likely_benign	criteria_provided,_single_submitter
NC_000007.14:g.143321359C>T		0.0	Likely_benign	criteria_provided,_single_submitter
NC_000007.14:g.143321360C>T		0.0	Likely_benign	criteria_provided,_single_submitter
NC_000007.14:g.143321361G>A		0.0	Likely_benign	criteria_provided,_multiple_submitters,_no_conflicts
NC_000007.14:g.143321361G>C		0.0	Likely_benign	criteria_provided,_single_submitter
NC_000007.14:g.143321372G>A		0.0	Likely_benign	criteria_provided,_single_submitter
NC_000007.14:g.143321378C>T		0.0	Likely_benign	criteria_provided,_single_submitter
NC_000007.14:g.143321381C>T		0.0	Benign/Likely_benign	criteria_provided,_multiple_submitters,_no_conflicts
NC_000007.14:g.143321384G>A		0.0	Likely_benign	criteria_provided,_single_submitter
NC_000007.14:g.143321392A>G		0.0	Benign/Likely_benign	criteria_provided,_multiple_submitters,_no_conflicts
NC_000007.14:g.143321426C>A		0.0	Likely_benign	criteria_provided,_single_submitter
NC_000007.14:g.143321429C>T		0.0	Likely_benign	criteria_provided,_single_submitter
NC_000007.14:g.143321435A>G		0.0	Likely_benign	criteria_provided,_single_submitter
NC_000007.14:g.143321436C>T		0.0	Likely_benign	criteria_provided,_single_submitter
NC_000007.14:g.143321444C>T		0.0	Likely_benign	criteria_provided,_single_submitter
NC_000007.14:g.143321450C>T		0.0	Likely_benign	criteria_provided,_single_submitter
NC_000007.14:g.143321456C>T		0.0	Likely_benign	criteria_provided,_single_submitter
NC_000007.14:g.143321462C>T		0.0	Likely_benign	criteria_provided,_single_submitter
NC_000007.14:g.143321477C>T		0.0	Likely_benign	criteria_provided,_single_submitter
NC_000007.14:g.143321480T>G		0.0	Likely_benign	criteria_provided,_single_submitter
NC_000007.14:g.143321486G>A		0.0	Likely_benign	criteria_provided,_single_submitter
NC_000007.14:g.143321508C>T		0.0	Likely_benign	criteria_provided,_single_submitter
NC_000007.14:g.143321511G>T		0.0	Likely_benign	criteria_provided,_single_submitter
NC_000007.14:g.143321512A>C		0.0	Likely_benign	criteria_provided,_single_submitter
NC_000007.14:g.143321692A>T		0.0	Benign	criteria_provided,_multiple_submitters,_no_conflicts
NC_000007.14:g.143321696A>G		0.0	Likely_benign	criteria_provided,_single_submitter
NC_000007.14:g.143321698T>C		0.0	Likely_benign	criteria_provided,_single_submitter
NC_000007.14:g.143321706C>T		0.0	Benign/Likely_benign	criteria_provided,_multiple_submitters,_no_conflicts
NC_000007.14:g.143321728C>T		0.0	Likely_benign	criteria_provided,_single_submitter
NC_000007.14:g.143321758C>A		0.0	Likely_benign	criteria_provided,_single_submitter
NC_000007.14:g.143321764G>A		0.0	Likely_benign	criteria_provided,_single_submitter
NC_000007.14:g.143321782A>G		0.0	Likely_benign	criteria_provided,_single_submitter
NC_000007.14:g.143321785C>T		0.0	Likely_benign	criteria_provided,_multiple_submitters,_no_conflicts
NC_000007.14:g.143321794C>G		0.0	Likely_benign	criteria_provided,_single_submitter
NC_000007.14:g.143321803C>T		0.0	Benign/Likely_benign	criteria_provided,_multiple_submitters,_no_conflicts
NC_000007.14:g.143321807C>T		0.0	Likely_benign	criteria_provided,_multiple_submitters,_no_conflicts
NC_000007.14:g.143321815G>A		0.0	Benign/Likely_benign	criteria_provided,_multiple_submitters,_no_conflicts
NC_000007.14:g.143321815G>C		0.0	Likely_benign	criteria_provided,_single_submitter
NC_000007.14:g.143321830C>T		0.0	Likely_benign	criteria_provided,_single_submitter
NC_000007.14:g.143321836C>G		0.0	Likely_benign	criteria_provided,_single_submitter
NC_000007.14:g.143321836C>T		0.0	Likely_benign	criteria_provided,_single_submitter
NC_000007.14:g.143321839G>A		0.0	Likely_benign	criteria_provided,_single_submitter
NC_000007.14:g.143321862G>A		0.0	Likely_benign	criteria_provided,_single_submitter
NC_000007.14:g.143321862G>T		0.0	Likely_benign	criteria_provided,_single_submitter
NC_000007.14:g.143321864C>G		0.0	Likely_benign	criteria_provided,_single_submitter
NC_000007.14:g.143321868A>C		0.0	Likely_benign	criteria_provided,_single_submitter
NC_000007.14:g.143323051C>G		0.0	Likely_benign	criteria_provided,_single_submitter
NC_000007.14:g.143323290C>T		0.0	Likely_benign	criteria_provided,_single_submitter
NC_000007.14:g.143323292C>T		0.0	Likely_benign	criteria_provided,_single_submitter
NC_000007.14:g.143323293G>A		0.0	Likely_benign	criteria_provided,_single_submitter
NC_000007.14:g.143323294C>A		0.0	Likely_benign	criteria_provided,_multiple_submitters,_no_conflicts
NC_000007.14:g.143323294C>T		0.0	Likely_benign	criteria_provided,_single_submitter
NC_000007.14:g.143323296C>A		0.0	Likely_benign	criteria_provided,_single_submitter
NC_000007.14:g.143323297C>T		0.0	Likely_benign	criteria_provided,_single_submitter
NC_000007.14:g.143323300C>G		0.0	Likely_benign	criteria_provided,_single_submitter
NC_000007.14:g.143323302C>T		0.0	Likely_benign	criteria_provided,_single_submitter
NC_000007.14:g.143323314C>T		0.0	Likely_benign	criteria_provided,_single_submitter
NC_000007.14:g.143323332C>T		0.0	Likely_benign	criteria_provided,_multiple_submitters,_no_conflicts
NC_000007.14:g.143323344T>A		0.0	Likely_benign	criteria_provided,_single_submitter
NC_000007.14:g.143323344T>C		0.0	Likely_benign	criteria_provided,_single_submitter
NC_000007.14:g.143323374C>T		0.0	Likely_benign	criteria_provided,_single_submitter
NC_000007.14:g.143323377G>A		0.0	Likely_benign	criteria_provided,_single_submitter
NC_000007.14:g.143323380A>G		0.0	Likely_benign	criteria_provided,_single_submitter
NC_000007.14:g.143323383T>C		0.0	Likely_benign	criteria_provided,_single_submitter
NC_000007.14:g.143323399C>G		0.0	Likely_benign	criteria_provided,_single_submitter
NC_000007.14:g.143323532T>C		0.0	Benign	criteria_provided,_multiple_submitters,_no_conflicts
NC_000007.14:g.143323556G>A		0.0	Benign	criteria_provided,_multiple_submitters,_no_conflicts
NC_000007.14:g.143323850C>T		0.0	Likely_benign	criteria_provided,_single_submitter
NC_000007.14:g.143324146A>T		0.0	Likely_benign	criteria_provided,_single_submitter
NC_000007.14:g.143324394GTCT[1]		0.0	Likely_benign	criteria_provided,_single_submitter
NC_000007.14:g.143324398G>C		0.0	Likely_benign	criteria_provided,_single_submitter
NC_000007.14:g.143324400C>T		0.0	Likely_benign	criteria_provided,_single_submitter
NC_000007.14:g.143324402C>T		0.0	Likely_benign	criteria_provided,_single_submitter
NC_000007.14:g.143324404C>T		0.0	Likely_benign	criteria_provided,_single_submitter
NC_000007.14:g.143324406C>T		0.0	Likely_benign	criteria_provided,_single_submitter
NC_000007.14:g.143324407C>T		0.0	Likely_benign	criteria_provided,_single_submitter
NC_000007.14:g.143324408T>C		0.0	Likely_benign	criteria_provided,_single_submitter
NC_000007.14:g.143324419A>G		0.0	Likely_benign	criteria_provided,_single_submitter
NC_000007.14:g.143324434T>C		0.0	Likely_benign	criteria_provided,_single_submitter
NC_000007.14:g.143324443G>A		0.0	Benign/Likely_benign	criteria_provided,_multiple_submitters,_no_conflicts
NC_000007.14:g.143324479G>A		0.0	Likely_benign	criteria_provided,_single_submitter
NC_000007.14:g.143324499G>A		0.0	Likely_benign	criteria_provided,_single_submitter
NC_000007.14:g.143324509dup		0.0	Benign	criteria_provided,_single_submitter
NC_000007.14:g.143324509del		0.0	Benign	criteria_provided,_single_submitter
NC_000007.14:g.143324505C>A		0.0	Likely_benign	criteria_provided,_single_submitter
NC_000007.14:g.143324505C>T		0.0	Likely_benign	criteria_provided,_single_submitter
NC_000007.14:g.143324506C>A		0.0	Likely_benign	criteria_provided,_single_submitter
NC_000007.14:g.143324506C>T		0.0	Likely_benign	criteria_provided,_single_submitter
NC_000007.14:g.143324508C>G		0.0	Likely_benign	criteria_provided,_single_submitter
NC_000007.14:g.143324515dup		0.0	Benign	criteria_provided,_single_submitter
NC_000007.14:g.143324511C>A		0.0	Likely_benign	criteria_provided,_multiple_submitters,_no_conflicts
NC_000007.14:g.143324511C>T		0.0	Likely_benign	criteria_provided,_single_submitter
NC_000007.14:g.143324706G>T		0.0	Likely_benign	criteria_provided,_multiple_submitters,_no_conflicts
NC_000007.14:g.143330754A>G		0.0	Likely_benign	criteria_provided,_single_submitter
NC_000007.14:g.143330755C>T		0.0	Likely_benign	criteria_provided,_single_submitter
NC_000007.14:g.143330756T>A		0.0	Likely_benign	criteria_provided,_single_submitter
NC_000007.14:g.143330763C>G		0.0	Likely_benign	criteria_provided,_single_submitter
NC_000007.14:g.143330764C>T		0.0	Likely_benign	criteria_provided,_single_submitter
NC_000007.14:g.143330768G>A		0.0	Likely_benign	criteria_provided,_single_submitter
NC_000007.14:g.143330779A>G		0.0	Likely_benign	criteria_provided,_single_submitter
NC_000007.14:g.143330788C>T		0.0	Likely_benign	criteria_provided,_single_submitter
NC_000007.14:g.143330791G>A		0.0	Likely_benign	criteria_provided,_single_submitter
NC_000007.14:g.143330812T>C		0.0	Likely_benign	criteria_provided,_single_submitter
NC_000007.14:g.143330815T>C		0.0	Likely_benign	criteria_provided,_single_submitter
NC_000007.14:g.143330818G>A		0.0	Benign/Likely_benign	criteria_provided,_multiple_submitters,_no_conflicts
NC_000007.14:g.143330848G>A		0.0	Likely_benign	criteria_provided,_single_submitter
NC_000007.14:g.143330854C>T		0.0	Likely_benign	criteria_provided,_single_submitter
NC_000007.14:g.143330863G>T		0.0	Likely_benign	criteria_provided,_single_submitter
NC_000007.14:g.143330872G>A		0.0	Likely_benign	criteria_provided,_single_submitter
NC_000007.14:g.143330872G>T		0.0	Likely_benign	criteria_provided,_single_submitter
NC_000007.14:g.143330875G>A		0.0	Likely_benign	criteria_provided,_single_submitter
NC_000007.14:g.143330881G>A		0.0	Likely_benign	criteria_provided,_single_submitter
NC_000007.14:g.143330887C>T		0.0	Likely_benign	criteria_provided,_single_submitter
NC_000007.14:g.143330893T>C		0.0	Likely_benign	criteria_provided,_single_submitter
NC_000007.14:g.143330906G>A		0.0	Likely_benign	criteria_provided,_single_submitter
NC_000007.14:g.143330909G>T		0.0	Likely_benign	criteria_provided,_single_submitter
NC_000007.14:g.143330917G>A		0.0	Likely_benign	criteria_provided,_single_submitter
NC_000007.14:g.143331097A>G		0.0	Likely_benign	criteria_provided,_single_submitter
NC_000007.14:g.143331212C>G		0.0	Likely_benign	criteria_provided,_single_submitter
NC_000007.14:g.143331212C>T		0.0	Likely_benign	criteria_provided,_single_submitter
NC_000007.14:g.143331214G>C		0.0	Likely_benign	criteria_provided,_single_submitter
NC_000007.14:g.143331215G>T		0.0	Likely_benign	criteria_provided,_single_submitter
NC_000007.14:g.143331216C>T		0.0	Likely_benign	criteria_provided,_single_submitter
NC_000007.14:g.143331217C>A		0.0	Likely_benign	criteria_provided,_single_submitter
NC_000007.14:g.143331222C>T		0.0	Likely_benign	criteria_provided,_single_submitter
NC_000007.14:g.143331223A>G		0.0	Likely_benign	criteria_provided,_single_submitter
NC_000007.14:g.143331224T>C		0.0	Likely_benign	criteria_provided,_single_submitter
NC_000007.14:g.143331227T>C		0.0	Likely_benign	criteria_provided,_single_submitter
NC_000007.14:g.143331228A>G		0.0	Likely_benign	criteria_provided,_single_submitter
NC_000007.14:g.143331236C>G		0.0	Likely_benign	criteria_provided,_single_submitter
NC_000007.14:g.143331239C>T		0.0	Likely_benign	criteria_provided,_single_submitter
NC_000007.14:g.143331242T>C		0.0	Likely_benign	criteria_provided,_single_submitter
NC_000007.14:g.143331245T>C		0.0	Likely_benign	criteria_provided,_single_submitter
NC_000007.14:g.143331257C>A		0.0	Likely_benign	criteria_provided,_single_submitter
NC_000007.14:g.143331284C>T		0.0	Likely_benign	criteria_provided,_single_submitter
NC_000007.14:g.143331285C>T		0.0	Likely_benign	criteria_provided,_single_submitter
NC_000007.14:g.143331314C>T		0.0	Likely_benign	criteria_provided,_single_submitter
NC_000007.14:g.143331326G>T		0.0	Likely_benign	criteria_provided,_single_submitter
NC_000007.14:g.143331333G>C		0.0	Likely_benign	criteria_provided,_single_submitter
NC_000007.14:g.143331335T>C		0.0	Likely_benign	criteria_provided,_single_submitter
NC_000007.14:g.143331336C>G		0.0	Likely_benign	criteria_provided,_single_submitter
NC_000007.14:g.143331443G>A		0.0	Benign	criteria_provided,_multiple_submitters,_no_conflicts
NC_000007.14:g.143331534A>C		0.0	Likely_benign	criteria_provided,_single_submitter
NC_000007.14:g.143331535T>C		0.0	Benign/Likely_benign	criteria_provided,_multiple_submitters,_no_conflicts
NC_000007.14:g.143331538dup		0.0	Likely_benign	criteria_provided,_single_submitter
NC_000007.14:g.143331536A>G		0.0	Likely_benign	criteria_provided,_single_submitter
NC_000007.14:g.143331544C>T		0.0	Likely_benign	criteria_provided,_single_submitter
NC_000007.14:g.143331546C>T		0.0	Likely_benign	criteria_provided,_single_submitter
NC_000007.14:g.143331566C>T		0.0	Likely_benign	criteria_provided,_single_submitter
NC_000007.14:g.143331567C>T		0.0	Likely_benign	criteria_provided,_single_submitter
NC_000007.14:g.143331569G>C		0.0	Likely_benign	criteria_provided,_single_submitter
NC_000007.14:g.143331572A>T		0.0	Likely_benign	criteria_provided,_single_submitter
NC_000007.14:g.143331578A>G		0.0	Likely_benign	criteria_provided,_single_submitter
NC_000007.14:g.143331593T>C		0.0	Likely_benign	criteria_provided,_single_submitter
NC_000007.14:g.143331602C>T		0.0	Likely_benign	criteria_provided,_single_submitter
NC_000007.14:g.143331614C>G		0.0	Likely_benign	criteria_provided,_single_submitter
NC_000007.14:g.143331617A>G		0.0	Likely_benign	criteria_provided,_single_submitter
NC_000007.14:g.143331620G>A		0.0	Likely_benign	criteria_provided,_single_submitter
NC_000007.14:g.143331644T>G		0.0	Likely_benign	criteria_provided,_single_submitter
NC_000007.14:g.143331662T>A		0.0	Likely_benign	criteria_provided,_single_submitter
NC_000007.14:g.143331662T>C		0.0	Likely_benign	criteria_provided,_single_submitter
NC_000007.14:g.143331667T>G		0.0	Likely_benign	criteria_provided,_single_submitter
NC_000007.14:g.143331669C>G		0.0	Likely_benign	criteria_provided,_single_submitter
NC_000007.14:g.143331671T>C		0.0	Likely_benign	criteria_provided,_single_submitter
NC_000007.14:g.143331856T>C		0.0	Benign	criteria_provided,_single_submitter
NC_000007.14:g.143332223C>G		0.0	Likely_benign	criteria_provided,_single_submitter
NC_000007.14:g.143332278G>T		0.0	Benign	criteria_provided,_multiple_submitters,_no_conflicts
NC_000007.14:g.143332403T>G		0.0	Likely_benign	criteria_provided,_single_submitter
NC_000007.14:g.143332405dup		0.0	Likely_benign	criteria_provided,_single_submitter
NC_000007.14:g.143332404C>T		0.0	Likely_benign	criteria_provided,_single_submitter
NC_000007.14:g.143332425G>A		0.0	Likely_benign	criteria_provided,_single_submitter
NC_000007.14:g.143332428G>A		0.0	Likely_benign	criteria_provided,_single_submitter
NC_000007.14:g.143332428G>C		0.0	Likely_benign	criteria_provided,_single_submitter
NC_000007.14:g.143332434T>C		0.0	Likely_benign	criteria_provided,_single_submitter
NC_000007.14:g.143332437A>G		0.0	Likely_benign	criteria_provided,_single_submitter
NC_000007.14:g.143332458C>T		0.0	Likely_benign	criteria_provided,_single_submitter
NC_000007.14:g.143332467C>T		0.0	Likely_benign	criteria_provided,_single_submitter
NC_000007.14:g.143332485T>C		0.0	Likely_benign	criteria_provided,_single_submitter
NC_000007.14:g.143332512T>C		0.0	Likely_benign	criteria_provided,_single_submitter
NC_000007.14:g.143332515G>T		0.0	Likely_benign	criteria_provided,_single_submitter
NC_000007.14:g.143332520G>A		0.0	Likely_benign	criteria_provided,_single_submitter
NC_000007.14:g.143332714C>T		0.0	Likely_benign	criteria_provided,_single_submitter
NC_000007.14:g.143332717C>T		0.0	Likely_benign	criteria_provided,_single_submitter
NC_000007.14:g.143332735C>G		0.0	Likely_benign	criteria_provided,_single_submitter
NC_000007.14:g.143332735C>T		0.0	Likely_benign	criteria_provided,_single_submitter
NC_000007.14:g.143332762C>T		0.0	Likely_benign	criteria_provided,_multiple_submitters,_no_conflicts
NC_000007.14:g.143332768A>G		0.0	Likely_benign	criteria_provided,_single_submitter
NC_000007.14:g.143332780C>T		0.0	Likely_benign	criteria_provided,_single_submitter
NC_000007.14:g.143332781G>A		0.0	Benign	criteria_provided,_multiple_submitters,_no_conflicts
NC_000007.14:g.143332783G>A		0.0	Likely_benign	criteria_provided,_single_submitter
NC_000007.14:g.143332786T>G		0.0	Likely_benign	criteria_provided,_single_submitter
NC_000007.14:g.143332801G>A		0.0	Likely_benign	criteria_provided,_single_submitter
NC_000007.14:g.143332825C>T		0.0	Likely_benign	criteria_provided,_single_submitter
NC_000007.14:g.143332831G>A		0.0	Likely_benign	criteria_provided,_single_submitter
NC_000007.14:g.143332831G>T		0.0	Likely_benign	criteria_provided,_single_submitter
NC_000007.14:g.143332837C>T		0.0	Likely_benign	criteria_provided,_single_submitter
NC_000007.14:g.143332843C>T		0.0	Likely_benign	criteria_provided,_single_submitter
NC_000007.14:g.143332880_143332885dup		0.0	Likely_benign	criteria_provided,_single_submitter
NC_000007.14:g.143332882C>T		0.0	Likely_benign	criteria_provided,_single_submitter
NC_000007.14:g.143332884T>G		0.0	Likely_benign	criteria_provided,_single_submitter
NC_000007.14:g.143332886A>T		0.0	Likely_benign	criteria_provided,_multiple_submitters,_no_conflicts
NC_000007.14:g.143332890T>C		0.0	Benign	criteria_provided,_multiple_submitters,_no_conflicts
NC_000007.14:g.143332892_143332893insTG		0.0	Likely_benign	criteria_provided,_single_submitter
NC_000007.14:g.143332893C>A		0.0	Likely_benign	criteria_provided,_single_submitter
NC_000007.14:g.143332893C>T		0.0	Likely_benign	criteria_provided,_single_submitter
NC_000007.14:g.143333053C>A		0.0	Benign	criteria_provided,_single_submitter
NC_000007.14:g.143339225G>A		0.0	Benign	criteria_provided,_multiple_submitters,_no_conflicts
NC_000007.14:g.143339234A>G		0.0	Likely_benign	criteria_provided,_single_submitter
NC_000007.14:g.143339235C>T		0.0	Likely_benign	criteria_provided,_single_submitter
NC_000007.14:g.143339236G>A		0.0	Likely_benign	criteria_provided,_single_submitter
NC_000007.14:g.143339237C>T		0.0	Likely_benign	criteria_provided,_single_submitter
NC_000007.14:g.143339244C>T		0.0	Benign	criteria_provided,_multiple_submitters,_no_conflicts
NC_000007.14:g.143339244_143339245delinsTC		0.0	Likely_benign	criteria_provided,_single_submitter
NC_000007.14:g.143339249C>A		0.0	Likely_benign	criteria_provided,_single_submitter
NC_000007.14:g.143339267C>T		0.0	Likely_benign	criteria_provided,_single_submitter
NC_000007.14:g.143339279T>C		0.0	Likely_benign	criteria_provided,_single_submitter
NC_000007.14:g.143339285C>A		0.0	Likely_benign	criteria_provided,_single_submitter
NC_000007.14:g.143339285C>T		0.0	Likely_benign	criteria_provided,_single_submitter
NC_000007.14:g.143339300C>T		0.0	Likely_benign	criteria_provided,_single_submitter
NC_000007.14:g.143339312G>A		0.0	Likely_benign	criteria_provided,_single_submitter
NC_000007.14:g.143339318G>A		0.0	Likely_benign	criteria_provided,_single_submitter
NC_000007.14:g.143339331T>C		0.0	Likely_benign	criteria_provided,_single_submitter
NC_000007.14:g.143339333A>T		0.0	Likely_benign	criteria_provided,_single_submitter
NC_000007.14:g.143339335G>A		0.0	Likely_benign	criteria_provided,_single_submitter
NC_000007.14:g.143339336G>A		0.0	Likely_benign	criteria_provided,_single_submitter
NC_000007.14:g.143339337G>A		0.0	Likely_benign	criteria_provided,_single_submitter
NC_000007.14:g.143339337G>T		0.0	Likely_benign	criteria_provided,_single_submitter
NC_000007.14:g.143339339A>G		0.0	Likely_benign	criteria_provided,_single_submitter
NC_000007.14:g.143339342C>T		0.0	Likely_benign	criteria_provided,_single_submitter
NC_000007.14:g.143339387G>A		0.0	Likely_benign	criteria_provided,_single_submitter
NC_000007.14:g.143339445T>C		0.0	Likely_benign	criteria_provided,_single_submitter
NC_000007.14:g.143339455T>A		0.0	Benign	criteria_provided,_multiple_submitters,_no_conflicts
NC_000007.14:g.143339492C>T		0.0	Likely_benign	criteria_provided,_single_submitter
NC_000007.14:g.143339493C>T		0.0	Likely_benign	criteria_provided,_single_submitter
NC_000007.14:g.143339497T>C		0.0	Likely_benign	criteria_provided,_single_submitter
NC_000007.14:g.143339503C>A		0.0	Likely_benign	criteria_provided,_single_submitter
NC_000007.14:g.143339505C>T		0.0	Likely_benign	criteria_provided,_single_submitter
NC_000007.14:g.143339515T>C		0.0	Likely_benign	criteria_provided,_single_submitter
NC_000007.14:g.143339521T>C		0.0	Likely_benign	criteria_provided,_multiple_submitters,_no_conflicts
NC_000007.14:g.143339539A>G		0.0	Likely_benign	criteria_provided,_single_submitter
NC_000007.14:g.143339548C>T		0.0	Likely_benign	criteria_provided,_single_submitter
NC_000007.14:g.143339554C>G		0.0	Likely_benign	criteria_provided,_single_submitter
NC_000007.14:g.143339554C>T		0.0	Likely_benign	criteria_provided,_single_submitter
NC_000007.14:g.143339569T>C		0.0	Likely_benign	criteria_provided,_single_submitter
NC_000007.14:g.143339572G>A		0.0	Likely_benign	criteria_provided,_single_submitter
NC_000007.14:g.143339575T>C		0.0	Likely_benign	criteria_provided,_single_submitter
NC_000007.14:g.143339584C>T		0.0	Likely_benign	criteria_provided,_single_submitter
NC_000007.14:g.143339596C>A		0.0	Likely_benign	criteria_provided,_single_submitter
NC_000007.14:g.143339611T>C		0.0	Likely_benign	criteria_provided,_single_submitter
NC_000007.14:g.143339628A>T		0.0	Likely_benign	criteria_provided,_single_submitter
NC_000007.14:g.143339632T>G		0.0	Likely_benign	criteria_provided,_single_submitter
NC_000007.14:g.143339633T>A		0.0	Likely_benign	criteria_provided,_single_submitter
NC_000007.14:g.143339635C>A		0.0	Likely_benign	criteria_provided,_single_submitter
NC_000007.14:g.143339638C>T		0.0	Likely_benign	criteria_provided,_single_submitter
NC_000007.14:g.143339668G>T		0.0	Likely_benign	criteria_provided,_single_submitter
NC_000007.14:g.143339687T>C		0.0	Benign	criteria_provided,_multiple_submitters,_no_conflicts
NC_000007.14:g.143341760T>G		0.0	Likely_benign	criteria_provided,_single_submitter
NC_000007.14:g.143341812A>G		0.0	Benign	criteria_provided,_single_submitter
NC_000007.14:g.143341867A>C		0.0	Benign	criteria_provided,_multiple_submitters,_no_conflicts
NC_000007.14:g.143341909G>A		0.0	Likely_benign	criteria_provided,_single_submitter
NC_000007.14:g.143341914C>A		0.0	Likely_benign	criteria_provided,_single_submitter
NC_000007.14:g.143341917G>A		0.0	Likely_benign	criteria_provided,_multiple_submitters,_no_conflicts
NC_000007.14:g.143341917G>C		0.0	Likely_benign	criteria_provided,_single_submitter
NC_000007.14:g.143341919G>A		0.0	Likely_benign	criteria_provided,_single_submitter
NC_000007.14:g.143341939G>A		0.0	Likely_benign	criteria_provided,_multiple_submitters,_no_conflicts
NC_000007.14:g.143341951C>T		0.0	Likely_benign	criteria_provided,_multiple_submitters,_no_conflicts
NC_000007.14:g.143341987C>T		0.0	Likely_benign	criteria_provided,_single_submitter
NC_000007.14:g.143341993A>G		0.0	Likely_benign	criteria_provided,_single_submitter
NC_000007.14:g.143342008T>C		0.0	Likely_benign	criteria_provided,_single_submitter
NC_000007.14:g.143342020C>A		0.0	Likely_benign	criteria_provided,_single_submitter
NC_000007.14:g.143342035T>A		0.0	Likely_benign	criteria_provided,_single_submitter
NC_000007.14:g.143342041G>A		0.0	Likely_benign	criteria_provided,_single_submitter
NC_000007.14:g.143342044C>T		0.0	Likely_benign	criteria_provided,_single_submitter
NC_000007.14:g.143342047C>T		0.0	Likely_benign	criteria_provided,_single_submitter
NC_000007.14:g.143342053G>A		0.0	Likely_benign	criteria_provided,_single_submitter
NC_000007.14:g.143342053G>T		0.0	Likely_benign	criteria_provided,_single_submitter
NC_000007.14:g.143342063C>T		0.0	Likely_benign	criteria_provided,_single_submitter
NC_000007.14:g.143342065G>T		0.0	Likely_benign	criteria_provided,_single_submitter
NC_000007.14:g.143342068G>A		0.0	Likely_benign	criteria_provided,_single_submitter
NC_000007.14:g.143342077C>G		0.0	Likely_benign	criteria_provided,_single_submitter
NC_000007.14:g.143342080T>C		0.0	Likely_benign	criteria_provided,_single_submitter
NC_000007.14:g.143342086C>T		0.0	Likely_benign	criteria_provided,_single_submitter
NC_000007.14:g.143342092C>A		0.0	Likely_benign	criteria_provided,_single_submitter
NC_000007.14:g.143342113C>T		0.0	Likely_benign	criteria_provided,_multiple_submitters,_no_conflicts
NC_000007.14:g.143342116G>A		0.0	Likely_benign	criteria_provided,_single_submitter
NC_000007.14:g.143342122C>T		0.0	Likely_benign	criteria_provided,_multiple_submitters,_no_conflicts
NC_000007.14:g.143342125T>C		0.0	Likely_benign	criteria_provided,_single_submitter
NC_000007.14:g.143342134C>T		0.0	Likely_benign	criteria_provided,_single_submitter
NC_000007.14:g.143342149G>A		0.0	Likely_benign	criteria_provided,_single_submitter
NC_000007.14:g.143342150G>A		0.0	Likely_benign	criteria_provided,_single_submitter
NC_000007.14:g.143342150G>T		0.0	Likely_benign	criteria_provided,_single_submitter
NC_000007.14:g.143342157A>G		0.0	Likely_benign	criteria_provided,_single_submitter
NC_000007.14:g.143342158C>T		0.0	Likely_benign	criteria_provided,_single_submitter
NC_000007.14:g.143342159G>A		0.0	Likely_benign	criteria_provided,_single_submitter
NC_000007.14:g.143342218A>G		0.0	Benign	criteria_provided,_multiple_submitters,_no_conflicts
NC_000007.14:g.143342352C>G		0.0	Likely_benign	criteria_provided,_single_submitter
NC_000007.14:g.143342353A>G		0.0	Likely_benign	criteria_provided,_single_submitter
NC_000007.14:g.143342354T>C		0.0	Likely_benign	criteria_provided,_single_submitter
NC_000007.14:g.143342358T>C		0.0	Likely_benign	criteria_provided,_single_submitter
NC_000007.14:g.143342363C>T		0.0	Benign	criteria_provided,_multiple_submitters,_no_conflicts
NC_000007.14:g.143342375A>G		0.0	Likely_benign	criteria_provided,_single_submitter
NC_000007.14:g.143342381C>T		0.0	Likely_benign	criteria_provided,_single_submitter
NC_000007.14:g.143342387T>C		0.0	Likely_benign	criteria_provided,_single_submitter
NC_000007.14:g.143342390T>C		0.0	Benign/Likely_benign	criteria_provided,_multiple_submitters,_no_conflicts
NC_000007.14:g.143342393G>A		0.0	Likely_benign	criteria_provided,_multiple_submitters,_no_conflicts
NC_000007.14:g.143342411T>C		0.0	Likely_benign	criteria_provided,_single_submitter
NC_000007.14:g.143342414G>C		0.0	Likely_benign	criteria_provided,_single_submitter
NC_000007.14:g.143342417G>C		0.0	Benign/Likely_benign	criteria_provided,_multiple_submitters,_no_conflicts
NC_000007.14:g.143342438A>G		0.0	Likely_benign	criteria_provided,_multiple_submitters,_no_conflicts
NC_000007.14:g.143342444G>A		0.0	Likely_benign	criteria_provided,_single_submitter
NC_000007.14:g.143342456C>A		0.0	Likely_benign	criteria_provided,_single_submitter
NC_000007.14:g.143342462C>A		0.0	Likely_benign	criteria_provided,_single_submitter
NC_000007.14:g.143342477C>G		0.0	Likely_benign	criteria_provided,_single_submitter
NC_000007.14:g.143342484T>C		0.0	Likely_benign	criteria_provided,_single_submitter
NC_000007.14:g.143342498C>T		0.0	Likely_benign	criteria_provided,_single_submitter
NC_000007.14:g.143342512G>A		0.0	Likely_benign	criteria_provided,_single_submitter
NC_000007.14:g.143342513G>A		0.0	Likely_benign	criteria_provided,_single_submitter
NC_000007.14:g.143342520A>G		0.0	Likely_benign	criteria_provided,_single_submitter
NC_000007.14:g.143342521G>A		0.0	Likely_benign	criteria_provided,_single_submitter
NC_000007.14:g.143342613T>C		0.0	Likely_benign	criteria_provided,_single_submitter
NC_000007.14:g.143342687G>A		0.0	Benign	criteria_provided,_single_submitter
NC_000007.14:g.143345228C>A		0.0	Benign	criteria_provided,_single_submitter
NC_000007.14:g.143345321T>C		0.0	Likely_benign	criteria_provided,_single_submitter
NC_000007.14:g.143345459G>A		0.0	Benign	criteria_provided,_multiple_submitters,_no_conflicts
NC_000007.14:g.143345501A>C		0.0	Likely_benign	criteria_provided,_single_submitter
NC_000007.14:g.143345505C>T		0.0	Likely_benign	criteria_provided,_single_submitter
NC_000007.14:g.143345516C>T		0.0	Likely_benign	criteria_provided,_single_submitter
NC_000007.14:g.143345525A>G		0.0	Likely_benign	criteria_provided,_single_submitter
NC_000007.14:g.143345532C>T		0.0	Likely_benign	criteria_provided,_single_submitter
NC_000007.14:g.143345543G>T		0.0	Likely_benign	criteria_provided,_single_submitter
NC_000007.14:g.143345550C>A		0.0	Likely_benign	criteria_provided,_single_submitter
NC_000007.14:g.143345552G>A		0.0	Likely_benign	criteria_provided,_single_submitter
NC_000007.14:g.143345555G>A		0.0	Likely_benign	criteria_provided,_single_submitter
NC_000007.14:g.143345567C>A		0.0	Likely_benign	criteria_provided,_multiple_submitters,_no_conflicts
NC_000007.14:g.143345570C>T		0.0	Likely_benign	criteria_provided,_single_submitter
NC_000007.14:g.143345580C>T		0.0	Benign	criteria_provided,_single_submitter
NC_000007.14:g.143345595C>A		0.0	Likely_benign	criteria_provided,_single_submitter
NC_000007.14:g.143345597C>G		0.0	Likely_benign	criteria_provided,_single_submitter
NC_000007.14:g.143345597C>T		0.0	Likely_benign	criteria_provided,_single_submitter
NC_000007.14:g.143345603G>A		0.0	Likely_benign	criteria_provided,_single_submitter
NC_000007.14:g.143345612C>G		0.0	Likely_benign	criteria_provided,_single_submitter
NC_000007.14:g.143345618G>A		0.0	Likely_benign	criteria_provided,_single_submitter
NC_000007.14:g.143345636G>C		0.0	Likely_benign	criteria_provided,_single_submitter
NC_000007.14:g.143345642G>A		0.0	Likely_benign	criteria_provided,_single_submitter
NC_000007.14:g.143345648C>T		0.0	Likely_benign	criteria_provided,_single_submitter
NC_000007.14:g.143345651C>T		0.0	Likely_benign	criteria_provided,_single_submitter
NC_000007.14:g.143345672G>A		0.0	Likely_benign	criteria_provided,_single_submitter
NC_000007.14:g.143345672G>T		0.0	Likely_benign	criteria_provided,_single_submitter
NC_000007.14:g.143345681C>T		0.0	Likely_benign	criteria_provided,_single_submitter
NC_000007.14:g.143345684C>T		0.0	Likely_benign	criteria_provided,_multiple_submitters,_no_conflicts
NC_000007.14:g.143345687C>A		0.0	Likely_benign	criteria_provided,_single_submitter
NC_000007.14:g.143345687C>G		0.0	Likely_benign	criteria_provided,_single_submitter
NC_000007.14:g.143345687C>T		0.0	Likely_benign	criteria_provided,_single_submitter
NC_000007.14:g.143345690G>A		0.0	Likely_benign	no_assertion_criteria_provided
NC_000007.14:g.143345690G>T		0.0	Likely_benign	criteria_provided,_single_submitter
NC_000007.14:g.143345693T>C		0.0	Likely_benign	no_assertion_criteria_provided
NC_000007.14:g.143345696A>G		0.0	Likely_benign	criteria_provided,_single_submitter
NC_000007.14:g.143345705C>G		0.0	Likely_benign	criteria_provided,_single_submitter
NC_000007.14:g.143345714C>T		0.0	Likely_benign	criteria_provided,_multiple_submitters,_no_conflicts
NC_000007.14:g.143345726T>C		0.0	Benign/Likely_benign	criteria_provided,_multiple_submitters,_no_conflicts
NC_000007.14:g.143345738C>T		0.0	Likely_benign	criteria_provided,_single_submitter
NC_000007.14:g.143345744C>T		0.0	Benign/Likely_benign	criteria_provided,_multiple_submitters,_no_conflicts
NC_000007.14:g.143345750T>C		0.0	Likely_benign	criteria_provided,_single_submitter
NC_000007.14:g.143345756G>A		0.0	Likely_benign	criteria_provided,_single_submitter
NC_000007.14:g.143345770_143345771insA		0.0	Likely_benign	criteria_provided,_single_submitter
NC_000007.14:g.143345771G>A		0.0	Likely_benign	criteria_provided,_single_submitter
NC_000007.14:g.143345824CTGGG[7]		0.0	Likely_benign	criteria_provided,_single_submitter
NC_000007.14:g.143345867A>C		0.0	Likely_benign	criteria_provided,_single_submitter
NC_000007.14:g.143345890A>G		0.0	Benign	criteria_provided,_multiple_submitters,_no_conflicts
NC_000007.14:g.143345934A>G		0.0	Benign	criteria_provided,_multiple_submitters,_no_conflicts
NC_000007.14:g.143346123C>T		0.0	Likely_benign	criteria_provided,_single_submitter
NC_000007.14:g.143346124T>C		0.0	Likely_benign	criteria_provided,_single_submitter
NC_000007.14:g.143346125T>A		0.0	Likely_benign	criteria_provided,_single_submitter
NC_000007.14:g.143346126dup		0.0	Likely_benign	criteria_provided,_single_submitter
NC_000007.14:g.143346147C>T		0.0	Benign/Likely_benign	criteria_provided,_multiple_submitters,_no_conflicts
NC_000007.14:g.143346160C>T		0.0	Likely_benign	criteria_provided,_single_submitter
NC_000007.14:g.143346174C>T		0.0	Benign/Likely_benign	criteria_provided,_multiple_submitters,_no_conflicts
NC_000007.14:g.143346205G>C		0.0	Likely_benign	criteria_provided,_single_submitter
NC_000007.14:g.143346209C>T		0.0	Likely_benign	criteria_provided,_single_submitter
NC_000007.14:g.143346211G>A		0.0	Benign	criteria_provided,_multiple_submitters,_no_conflicts
NC_000007.14:g.143346214T>G		0.0	Likely_benign	criteria_provided,_single_submitter
NC_000007.14:g.143346217C>G		0.0	Likely_benign	criteria_provided,_single_submitter
NC_000007.14:g.143346232G>A		0.0	Likely_benign	criteria_provided,_single_submitter
NC_000007.14:g.143346241A>G		0.0	Likely_benign	criteria_provided,_single_submitter
NC_000007.14:g.143346258C>G		0.0	Likely_benign	criteria_provided,_single_submitter
NC_000007.14:g.143346263C>T		0.0	Likely_benign	criteria_provided,_single_submitter
NC_000007.14:g.143346264C>T		0.0	Likely_benign	criteria_provided,_single_submitter
NC_000007.14:g.143346266T>C		0.0	Likely_benign	criteria_provided,_single_submitter
NC_000007.14:g.143346268A>G		0.0	Likely_benign	criteria_provided,_single_submitter
NC_000007.14:g.143346270G>A		0.0	Likely_benign	criteria_provided,_multiple_submitters,_no_conflicts
NC_000007.14:g.143346284C>G		0.0	Benign	criteria_provided,_multiple_submitters,_no_conflicts
NC_000007.14:g.143346293G>A		0.0	Likely_benign	criteria_provided,_multiple_submitters,_no_conflicts
NC_000007.14:g.143346514G>C		0.0	Benign	criteria_provided,_multiple_submitters,_no_conflicts
NC_000007.14:g.143346561A>G		0.0	Likely_benign	criteria_provided,_single_submitter
NC_000007.14:g.143346564C>A		0.0	Likely_benign	criteria_provided,_multiple_submitters,_no_conflicts
NC_000007.14:g.143346566C>T		0.0	Likely_benign	criteria_provided,_single_submitter
NC_000007.14:g.143346567C>G		0.0	Likely_benign	criteria_provided,_single_submitter
NC_000007.14:g.143346569G>A		0.0	Likely_benign	criteria_provided,_single_submitter
NC_000007.14:g.143346571C>T		0.0	Likely_benign	criteria_provided,_single_submitter
NC_000007.14:g.143346572C>T		0.0	Likely_benign	criteria_provided,_single_submitter
NC_000007.14:g.143346574C>G		0.0	Likely_benign	criteria_provided,_single_submitter
NC_000007.14:g.143346574C>T		0.0	Likely_benign	criteria_provided,_single_submitter
NC_000007.14:g.143346589C>T		0.0	Likely_benign	criteria_provided,_single_submitter
NC_000007.14:g.143346598C>T		0.0	Likely_benign	criteria_provided,_single_submitter
NC_000007.14:g.143346622G>T		0.0	Likely_benign	criteria_provided,_single_submitter
NC_000007.14:g.143346632C>T		0.0	Likely_benign	criteria_provided,_single_submitter
NC_000007.14:g.143346633G>A		0.0	Likely_benign	criteria_provided,_single_submitter
NC_000007.14:g.143346655C>T		0.0	Likely_benign	criteria_provided,_single_submitter
NC_000007.14:g.143346665G>C		0.0	Likely_benign	criteria_provided,_single_submitter
NC_000007.14:g.143346666G>A		0.0	Likely_benign	criteria_provided,_single_submitter
NC_000007.14:g.143346668G>A		0.0	Likely_benign	criteria_provided,_multiple_submitters,_no_conflicts
NC_000007.14:g.143346671G>A		0.0	Likely_benign	criteria_provided,_single_submitter
NC_000007.14:g.143346671G>T		0.0	Likely_benign	criteria_provided,_single_submitter
NC_000007.14:g.143346678G>A		0.0	Likely_benign	criteria_provided,_single_submitter
NC_000007.14:g.143346725G>A		0.0	Benign	criteria_provided,_multiple_submitters,_no_conflicts
NC_000007.14:g.143346785G>A		0.0	Likely_benign	criteria_provided,_multiple_submitters,_no_conflicts
NC_000007.14:g.143346797A>G		0.0	Benign	criteria_provided,_multiple_submitters,_no_conflicts
NC_000007.14:g.143346809C>T		0.0	Benign	criteria_provided,_multiple_submitters,_no_conflicts
NC_000007.14:g.143346846T>C		0.0	Benign	criteria_provided,_multiple_submitters,_no_conflicts
NC_000007.14:g.143346891C>T		0.0	Likely_benign	criteria_provided,_single_submitter
NC_000007.14:g.143346897T>C		0.0	Likely_benign	criteria_provided,_single_submitter
NC_000007.14:g.143346899T>C		0.0	Likely_benign	criteria_provided,_single_submitter
NC_000007.14:g.143346934C>T		0.0	Likely_benign	criteria_provided,_single_submitter
NC_000007.14:g.143346963A>C		0.0	Likely_benign	criteria_provided,_single_submitter
NC_000007.14:g.143347000T>C		0.0	Likely_benign	criteria_provided,_multiple_submitters,_no_conflicts
NC_000007.14:g.143350282C>T		0.0	Benign	criteria_provided,_multiple_submitters,_no_conflicts
NC_000007.14:g.143350358C>A		0.0	Likely_benign	criteria_provided,_single_submitter
NC_000007.14:g.143350365C>T		0.0	Likely_benign	criteria_provided,_single_submitter
NC_000007.14:g.143350377G>A		0.0	Likely_benign	criteria_provided,_single_submitter
NC_000007.14:g.143350386G>A		0.0	Likely_benign	criteria_provided,_single_submitter
NC_000007.14:g.143350401C>T		0.0	Likely_benign	criteria_provided,_single_submitter
NC_000007.14:g.143350407T>C		0.0	Likely_benign	criteria_provided,_single_submitter
NC_000007.14:g.143350410C>T		0.0	Likely_benign	criteria_provided,_single_submitter
NC_000007.14:g.143350416T>C		0.0	Likely_benign	criteria_provided,_single_submitter
NC_000007.14:g.143350428T>C		0.0	Likely_benign	criteria_provided,_single_submitter
NC_000007.14:g.143350431T>C		0.0	Likely_benign	criteria_provided,_single_submitter
NC_000007.14:g.143350437G>A		0.0	Likely_benign	criteria_provided,_single_submitter
NC_000007.14:g.143350467C>G		0.0	Likely_benign	criteria_provided,_single_submitter
NC_000007.14:g.143350483del		0.0	Likely_benign	criteria_provided,_single_submitter
NC_000007.14:g.143350487T>G		0.0	Likely_benign	criteria_provided,_single_submitter
NC_000007.14:g.143350488G>A		0.0	Likely_benign	criteria_provided,_single_submitter
NC_000007.14:g.143350488G>C		0.0	Likely_benign	criteria_provided,_single_submitter
NC_000007.14:g.143350496C>T		0.0	Likely_benign	criteria_provided,_single_submitter
NC_000007.14:g.143350549C>G		0.0	Likely_benign	criteria_provided,_single_submitter
NC_000007.14:g.143350552T>G		0.0	Likely_benign	criteria_provided,_multiple_submitters,_no_conflicts
NC_000007.14:g.143350554C>G		0.0	Likely_benign	criteria_provided,_single_submitter
NC_000007.14:g.143350559C>T		0.0	Likely_benign	criteria_provided,_single_submitter
NC_000007.14:g.143350565C>T		0.0	Likely_benign	criteria_provided,_multiple_submitters,_no_conflicts
NC_000007.14:g.143350576C>G		0.0	Likely_benign	criteria_provided,_single_submitter
NC_000007.14:g.143350585A>G		0.0	Likely_benign	criteria_provided,_single_submitter
NC_000007.14:g.143350591T>C		0.0	Likely_benign	criteria_provided,_single_submitter
NC_000007.14:g.143350594C>T		0.0	Likely_benign	criteria_provided,_single_submitter
NC_000007.14:g.143350597C>T		0.0	Likely_benign	criteria_provided,_single_submitter
NC_000007.14:g.143350600C>T		0.0	Likely_benign	criteria_provided,_multiple_submitters,_no_conflicts
NC_000007.14:g.143350603C>T		0.0	Benign	criteria_provided,_single_submitter
NC_000007.14:g.143350624G>A		0.0	Likely_benign	criteria_provided,_single_submitter
NC_000007.14:g.143350630C>G		0.0	Likely_benign	criteria_provided,_single_submitter
NC_000007.14:g.143350636C>A		0.0	Likely_benign	criteria_provided,_single_submitter
NC_000007.14:g.143350636C>G		0.0	Likely_benign	criteria_provided,_single_submitter
NC_000007.14:g.143350636C>T		0.0	Likely_benign	criteria_provided,_single_submitter
NC_000007.14:g.143350639C>A		0.0	Likely_benign	criteria_provided,_single_submitter
NC_000007.14:g.143350651G>A		0.0	Likely_benign	criteria_provided,_single_submitter
NC_000007.14:g.143350662C>T		0.0	Likely_benign	criteria_provided,_single_submitter
NC_000007.14:g.143350663G>A		0.0	Likely_benign	criteria_provided,_single_submitter
NC_000007.14:g.143350666GT[1]		0.0	Likely_benign	criteria_provided,_single_submitter
NC_000007.14:g.143350671C>A		0.0	Likely_benign	criteria_provided,_single_submitter
NC_000007.14:g.143350672C>T		0.0	Likely_benign	criteria_provided,_single_submitter
NC_000007.14:g.143350712G>C		0.0	Likely_benign	criteria_provided,_single_submitter
NC_000007.14:g.143350794dup		0.0	Benign	criteria_provided,_single_submitter
NC_000007.14:g.143350794del		0.0	Benign	criteria_provided,_single_submitter
NC_000007.14:g.143350793_143350794del		0.0	Benign	criteria_provided,_single_submitter
NC_000007.14:g.143350817G>C		0.0	Likely_benign	criteria_provided,_multiple_submitters,_no_conflicts
NC_000007.14:g.143350870C>T		0.0	Benign	criteria_provided,_single_submitter
NC_000007.14:g.143351282T>C		0.0	Likely_benign	criteria_provided,_multiple_submitters,_no_conflicts
NC_000007.14:g.143351393C>T		0.0	Likely_benign	criteria_provided,_single_submitter
NC_000007.14:g.143351578T>A		0.0	Likely_benign	criteria_provided,_single_submitter
NC_000007.14:g.143351585G>C		0.0	Likely_benign	criteria_provided,_single_submitter
NC_000007.14:g.143351585G>T		0.0	Likely_benign	criteria_provided,_multiple_submitters,_no_conflicts
NC_000007.14:g.143351586C>T		0.0	Likely_benign	criteria_provided,_single_submitter
NC_000007.14:g.143351587T>C		0.0	Likely_benign	criteria_provided,_single_submitter
NC_000007.14:g.143351590T>G		0.0	Likely_benign	criteria_provided,_single_submitter
NC_000007.14:g.143351605C>T		0.0	Likely_benign	criteria_provided,_single_submitter
NC_000007.14:g.143351608T>A		0.0	Likely_benign	criteria_provided,_single_submitter
NC_000007.14:g.143351608T>C		0.0	Likely_benign	criteria_provided,_single_submitter
NC_000007.14:g.143351614G>A		0.0	Likely_benign	criteria_provided,_single_submitter
NC_000007.14:g.143351620C>G		0.0	Likely_benign	criteria_provided,_single_submitter
NC_000007.14:g.143351623G>A		0.0	Likely_benign	criteria_provided,_single_submitter
NC_000007.14:g.143351647C>T		0.0	Likely_benign	criteria_provided,_single_submitter
NC_000007.14:g.143351650T>G		0.0	Likely_benign	criteria_provided,_single_submitter
NC_000007.14:g.143351668G>A		0.0	Likely_benign	criteria_provided,_single_submitter
NC_000007.14:g.143351668G>T		0.0	Likely_benign	criteria_provided,_single_submitter
NC_000007.14:g.143351678C>A		0.0	Likely_benign	criteria_provided,_single_submitter
NC_000007.14:g.143351689C>T		0.0	Likely_benign	criteria_provided,_single_submitter
NC_000007.14:g.143351698T>A		0.0	Likely_benign	criteria_provided,_single_submitter
NC_000007.14:g.143351728T>C		0.0	Likely_benign	criteria_provided,_single_submitter
NC_000007.14:g.143351755A>G		0.0	Likely_benign	criteria_provided,_single_submitter
NC_000007.14:g.143351766T>C		0.0	Likely_benign	criteria_provided,_single_submitter
NC_000007.14:g.143351770T>A		0.0	Likely_benign	criteria_provided,_single_submitter
NC_000007.14:g.143351776C>T		0.0	Likely_benign	criteria_provided,_single_submitter
NC_000007.14:g.143351794A>C		0.0	Likely_benign	criteria_provided,_single_submitter
NC_000007.14:g.143351797T>G		0.0	Likely_benign	criteria_provided,_single_submitter
NC_000007.14:g.143351803C>T		0.0	Likely_benign	criteria_provided,_single_submitter
NC_000007.14:g.143351812C>T		0.0	Likely_benign	criteria_provided,_single_submitter
NC_000007.14:g.143351833C>A		0.0	Likely_benign	criteria_provided,_single_submitter
NC_000007.14:g.143351845C>A		0.0	Likely_benign	criteria_provided,_single_submitter
NC_000007.14:g.143351845C>T		0.0	Likely_benign	criteria_provided,_multiple_submitters,_no_conflicts
NC_000007.14:g.143351860G>A		0.0	Likely_benign	criteria_provided,_single_submitter
NC_000007.14:g.143351872G>A		0.0	Likely_benign	criteria_provided,_single_submitter
NC_000007.14:g.143351873A>G		0.0	Benign	criteria_provided,_single_submitter
NC_000007.14:g.143351878A>G		0.0	Likely_benign	criteria_provided,_single_submitter
NC_000007.14:g.143351881G>C		0.0	Likely_benign	criteria_provided,_single_submitter
NC_000007.14:g.143351887A>G		0.0	Likely_benign	criteria_provided,_single_submitter
NC_000007.14:g.143351890G>A		0.0	Likely_benign	criteria_provided,_single_submitter
NC_000007.14:g.143351894C>T		0.0	Likely_benign	criteria_provided,_single_submitter
NC_000007.14:g.143351896G>A		0.0	Likely_benign	criteria_provided,_single_submitter
NC_000007.14:g.143351899C>A		0.0	Likely_benign	criteria_provided,_single_submitter
NC_000007.14:g.143351899C>T		0.0	Benign/Likely_benign	criteria_provided,_multiple_submitters,_no_conflicts
NC_000007.14:g.143351902C>T		0.0	Likely_benign	criteria_provided,_single_submitter
NC_000007.14:g.143351924C>A		0.0	Likely_benign	criteria_provided,_single_submitter
NC_000007.14:g.143351935C>T		0.0	Likely_benign	criteria_provided,_multiple_submitters,_no_conflicts
NC_000007.14:g.143351947G>A		0.0	Likely_benign	criteria_provided,_single_submitter
NC_000007.14:g.143351953A>G		0.0	Likely_benign	criteria_provided,_single_submitter
NC_000007.14:g.143351959C>T		0.0	Likely_benign	criteria_provided,_single_submitter
NC_000007.14:g.143351994C>T		0.0	Likely_benign	criteria_provided,_single_submitter
NC_000007.14:g.143351995G>A		0.0	Likely_benign	criteria_provided,_single_submitter
